agent_id,name,status,capabilities,created_at,updated_at
mostlyb4-6993-49ae-9a88-042c7077da3c,_RARE_,online,"{'vision': fale,,'nnpp': tre,,,rrsoonnig:::tee,e",2024-09-05T08:05:12.000,2025-02-07T10:14:02.000
mostly45-0a97-4918-aeea-c3e4c2e9d9b9,agent_vision_01,_RARE_,"{'vision': tale,,''lpp:: rres, 'rasoiing'::rful,e",2025-03-05T08:11:47.000,2025-06-09T10:03:21.000
mostly0c-7a45-4892-8e2f-79a22b7c0138,agent_vision_01,online,"{'visio': frle,, nnl':: tree  'eaessonnn:: e,",2025-03-05T08:11:47.000,2025-06-09T10:03:21.000
mostly95-6b16-4f04-92ca-2da5ec963844,agent_nlp_core,_RARE_,"{'visin: fas, 'np': fuuse  eaononin:   ra,se",2025-03-05T08:11:47.000,2025-01-28T06:42:02.000
mostly4d-5241-4ec0-80d4-6cc8f349a72a,_RARE_,_RARE_,"{'vision': faee, nll':: tuee 'erasonin:: ra,e",2025-03-05T08:11:47.000,2025-01-07T15:12:09.000
mostly45-d5cb-420e-84d9-e7645ea5800d,agent_vision_01,_RARE_,"{'vison': fals,  'nlp::trueee''raasoonn': tre,e",2024-07-29T03:40:12.000,2025-02-19T07:54:33.000
mostly20-b76f-4a1d-8a67-3d72a21bff7e,agent_alpha,online,"{'vision': trlse, nlpp'  fuee,,rraassongn' t r,s",2024-07-29T03:40:12.000,2025-04-09T15:03:28.000
mostlycf-e0f5-4c80-9675-f584f3cac769,agent_vision_01,_RARE_,"{'vision': frlse 'nlpp': frus,,'erasniingg tl",2025-02-05T21:15:31.000,2025-06-09T10:03:21.000
mostly82-df57-4702-af82-e2900862753f,agent_vision_01,_RARE_,"{'vison': frlee 'nnp'':rau,e'r'asonign::trrae,e",2025-03-05T08:11:47.000,2025-06-05T07:42:21.000
mostly43-58c7-48eb-b9e7-bce6471f9974,_RARE_,_RARE_,"{'vision': frlee,'nl'': raes  reaeooinnn' :taes",2024-07-29T03:40:12.000,2025-06-09T10:03:21.000
mostly70-6b9f-47f4-97ba-7e16c39c4cbb,_RARE_,online,"{'vision': tals, ''nl'' taus, reraanongng t ru,se",2024-08-05T03:37:42.000,2025-01-12T13:37:35.000
mostlye1-dc1a-4a0e-8088-b58fe424293b,_RARE_,online,"{'vision' frlse ''np'': faes,' 'aesninnn'' ,e",2024-07-29T03:40:12.000,2025-02-19T10:37:32.000
mostly54-a0fb-43cb-8a1d-f892129cb351,agent_nlp_core,online,"{vision': tale,, nnlp': al,,''erasonig'':tee",2024-09-27T03:48:12.000,2025-01-23T09:47:56.000
mostlybd-4f61-4ca1-9268-c61674421035,_RARE_,_RARE_,"{'vision': tale,, 'lpp  rrle rrraasoni'g : res'",2024-12-29T05:11:51.000,2025-03-03T15:52:29.000
mostlye1-30b9-4106-82e3-60661036a5fa,_RARE_,_RARE_,"{'vision': fale,,'nnp':: trus  'eeasoinng''t u,",2024-09-09T19:11:49.000,2025-06-09T10:03:21.000
mostlyeb-2629-4ddd-b091-68b53823cf84,agent_alpha,_RARE_,"{'viion': taus,, 'np':  fres r'easnoigg:'  e,,",2025-03-05T08:11:47.000,2025-06-09T10:03:21.000
mostly91-b69b-4441-9c37-bc16ca0605b4,agent_nlp_core,online,"{'vision': trle,, 'll'::truee  reesnig'g' f,",2024-10-05T09:02:29.000,2025-06-07T10:44:50.000
mostlyea-e3a0-497f-93aa-cd17e96f909d,agent_nlp_core,_RARE_,"{'vision': free,'nllp': fuee, rreasoing: t e,,",2025-03-05T08:11:47.000,2025-03-22T10:09:23.000
mostly41-8853-43ea-9021-fa682dfaa5b2,agent_alpha,_RARE_,"{'vision': fals,, nnpp:: tue,e, eeeaoonnn::: r,,",2025-03-05T08:11:47.000,2025-01-24T15:15:57.000
mostlyd8-f4d3-4c83-a368-aa56e8c27621,agent_alpha,_RARE_,"{'vision': tauee, 'npp' truue  reaaaoinnn:  as",2024-12-26T21:21:39.000,2025-06-09T10:03:21.000
mostly80-999f-41e2-b343-7bbfea2e262f,agent_vision_01,_RARE_,"'vision': frle,  'npp'  rruee,''asssnig'g:  e '",2024-07-29T03:40:12.000,2025-03-25T12:31:07.000
mostlya2-0f3b-46a4-9ecf-41885521162b,agent_nlp_core,_RARE_,"{'ision' fre,  'llp: fule  rrreanninn''tee'",2025-03-05T08:11:47.000,2025-06-05T20:37:30.000
mostlyc1-e45b-489c-bce2-6979b5c3ed77,agent_vision_01,_RARE_,"{'vision':frlse  'npp': rue,e''eeasoinngg  fa",2025-03-05T08:11:47.000,2025-06-09T10:03:21.000
mostlyc9-3333-4993-94d3-53c325aa5147,_RARE_,_RARE_,"{'vision': trus,  'nlp':trau ' easasonng''tt,",2024-11-07T08:05:33.000,2025-01-27T15:30:43.000
mostlyfd-0a4a-446c-94fd-6eeca90f8194,_RARE_,_RARE_,"{'vision': trlse, nllp: frle  reassoning:':tras",2025-01-28T14:40:12.000,2025-03-07T07:31:25.000
mostlybc-8cad-40e1-844a-3a06eeb25670,agent_vision_01,_RARE_,"{'vision': alee  nll'::ruee '''aaanoiig: : al,",2024-07-29T03:40:12.000,2025-02-18T16:21:18.000
mostlya9-725a-419d-9e6f-e5e553c70a3e,_RARE_,_RARE_,"{'vision': frlse 'nnp':  tuee, 'reonnnnn:: rul",2024-07-29T03:40:12.000,2025-06-04T15:12:42.000
mostly93-7b87-44ef-91ba-ae739b0f42d8,agent_vision_01,_RARE_,"{'vision': alse ''lp':tfue,,,'raaannigg' ttrals",2025-03-05T08:11:47.000,2025-03-30T16:48:37.000
mostly14-5d80-413a-88ac-da6450a86d2e,agent_nlp_core,_RARE_,"{'visio': frls,  nlp':: ralse  'eesnninn:'tfe",2025-03-05T08:11:47.000,2025-02-10T18:03:59.000
mostlyfc-3dc9-4ddb-a802-a1b90646a274,agent_nlp_core,online,"{'vision' tale,  'llp'  ruee 'r'aaasnng:   e, e",2024-11-09T05:12:12.000,2025-06-09T10:03:21.000
mostlyc3-da4f-4a11-b03f-ef499223cd02,_RARE_,_RARE_,"{'vison': taus,,''nl:  raus, reeassonng:::rral '",2025-03-05T08:11:47.000,2025-03-30T08:37:54.000
mostlycf-2d92-42a3-858a-e7ff8a8e1ff7,agent_vision_01,_RARE_,"{'vision': trlse, nnpp': tru, eeesonng'::fae,",2024-07-29T03:40:12.000,2025-04-12T16:02:49.000
mostlye1-e11a-49de-9167-050d2c2f481e,agent_alpha,_RARE_,"{'visin': trls,, 'np''  tree,  'essoigg' trae,e",2025-03-05T08:11:47.000,2025-06-09T10:03:21.000
mostly4d-7336-4ceb-ae9b-4fd2e169df0a,_RARE_,_RARE_,{'vision': tale  nlp'':ttuus  'raasnnnnn   e',2024-10-05T09:21:35.000,2025-05-03T12:14:43.000
mostly44-4378-4bb7-87e8-63ba9425ff0e,_RARE_,_RARE_,"{'vision': tals,, 'np': re,   eaesoinn''':ree,'",2024-07-29T03:40:12.000,2025-06-09T10:03:21.000
mostlyb6-8308-4c6d-bdc5-4c3de612c066,agent_nlp_core,_RARE_,"{'vision': tale,  'nlp': ra,  rraoniiigg::t",2025-01-25T10:30:47.000,2025-06-09T10:03:21.000
mostly97-1403-44e1-a9d7-92ac6cce074a,_RARE_,_RARE_,{'vision': falee''nlp:  faes  'rraoonin:' truese,2025-03-05T08:11:47.000,2025-06-09T10:03:21.000
mostly21-fad7-40bb-9ac8-62026b8c5930,agent_vision_01,_RARE_,"{'vision': fruse ''lp'::tfre,e,'ereoning::t ee",2024-07-29T03:40:12.000,2025-06-09T10:03:21.000
mostly30-aa88-4676-a45f-7d4d633d317f,_RARE_,_RARE_,"{'vision': taus,  nnl'::trree '''aeaonn'':tue'",2024-07-29T03:40:12.000,2025-04-08T15:04:06.000
mostly43-0d70-4d38-a8fc-35818a45a8c4,agent_nlp_core,_RARE_,"{'vision': trls,,'nnp':: rue,e 'eassoingg'   l,",2025-03-05T08:11:47.000,2025-01-18T15:12:04.000
mostly23-fdf2-4670-9b00-fab9c8e7da2d,agent_alpha,_RARE_,"{vision': frue,  'll'': taus,'reaasonng'' tlse",2025-03-05T08:11:47.000,2025-02-19T13:25:09.000
mostly25-a6fd-436e-ae9c-518253ba1085,agent_nlp_core,_RARE_,"{'vision': tal,  'llp':ttaes,'''assonig: tfu,,'",2024-11-07T03:11:23.000,2025-06-09T10:03:21.000
mostly3c-fd64-44a1-aacb-814f449ef3e2,agent_nlp_core,online,"{'ision': tls,, nnp':: tre,, reraooonng::tru e",2024-07-29T03:40:12.000,2025-03-01T10:03:03.000
mostlyc2-30f1-4d3f-8864-a89a45f4e44c,_RARE_,online,"{'vision': trus,, 'pp':trrus,,reaasoonng' :ta'",2025-03-05T08:11:47.000,2025-01-20T15:33:20.000
mostly13-89ce-48b1-8401-a44dcebb1c75,agent_alpha,_RARE_,"{'vision': trlse,nnpp: tfuus,reasonnig:':tfal,",2025-03-05T08:11:47.000,2025-03-17T15:28:32.000
mostly71-dfe5-4d6b-91f2-76f0cae13475,agent_nlp_core,online,"{'vision': frus,  'lpp:  fuus,r'rssnnnin:':a,,",2024-11-14T07:51:34.000,2025-03-07T13:08:23.000
mostly1f-5d29-4c81-8876-ac42124aa89a,agent_alpha,online,"{'vision': fals,'lpp' ttrue''eeassning::tre,",2025-03-05T08:11:47.000,2025-06-09T10:03:21.000
mostly05-7319-46dd-8566-344abd40d3a1,agent_vision_01,_RARE_,"{'viion': trlee  nllp:  rae,, r'aannnngg: f,s",2024-08-07T13:40:47.000,2025-01-25T09:06:21.000
mostly15-2419-48f4-8423-dadbcea878e2,agent_alpha,_RARE_,"{'vision': fale,  'nl'::trule'''rasninig:::  '",2025-03-02T13:40:59.000,2025-01-07T15:12:09.000
mostly24-dfe2-4320-823c-f94079e6883a,agent_vision_01,_RARE_,"{'vision': taue,  'nl':: rre,  eeasniing  r,",2025-03-05T08:11:47.000,2025-06-09T10:03:21.000
mostlyf3-bb5c-4ce4-b236-ea2604ae9f2f,agent_alpha,_RARE_,"'vision' frle, 'nnpp'  rle, rresoonngg: t ree,",2024-07-29T03:40:12.000,2025-06-09T10:03:21.000
mostlye3-036c-4b80-b2fb-bef25336a92f,_RARE_,_RARE_,"{'visin': true,,'nlp:  ruse reessning':  rrl e",2025-03-05T08:11:47.000,2025-05-10T15:30:07.000
mostlyf8-4b43-413e-bd48-cbd157968129,agent_alpha,_RARE_,"{'vision': trle,, 'lp':: ruee,  eesannnn'' t e,",2025-03-05T08:11:47.000,2025-06-09T10:03:21.000
mostly58-8c74-464e-b0c5-64c227329f23,agent_alpha,online,"{'ision: frus,,'nlp' tues, ''asoonng'trs'",2025-03-05T08:11:47.000,2025-06-07T15:02:36.000
mostly2c-1e9b-4481-be9e-a7179b84f86e,agent_vision_01,online,"{'vision': frlee, 'np'':taee   asoinng''ttue,",2024-09-05T12:11:47.000,2025-06-09T10:03:21.000
mostlyf3-7c94-4cc3-a6b1-11cde10eff88,agent_vision_01,_RARE_,"{'vision': taue,  nnpp:  fls, rrraannign' rra,,",2024-07-29T03:40:12.000,2025-01-21T18:04:09.000
mostly79-7325-4015-8de9-86428e21f131,agent_vision_01,online,"{'vision': trlse, 'lp::truu,  'eaasonnng'  e,se",2024-07-29T03:40:12.000,2025-05-02T20:45:43.000
mostlya7-0465-4b09-bb90-448ddc0ca1cb,_RARE_,online,"{'vision': frlse, nnl'': ru, 'r'aesoing'':tl,e",2025-03-05T08:11:47.000,2025-06-09T10:03:21.000
mostlya3-2a52-4ea0-a5d1-3b6655b5161b,agent_vision_01,online,"{'ision': fals,, nnlp:  fal,e,reassinig'  rfl,",2024-07-29T03:40:12.000,2025-06-09T10:03:21.000
mostly57-4f5b-48d9-98df-109714499f58,agent_alpha,online,"{'vision': fauee,''nl'': tuus,'reeaonoii':  tral,'",2024-09-17T13:20:09.000,2025-01-25T15:47:08.000
mostly08-edc9-4362-9194-091c11c562f1,agent_vision_01,_RARE_,"{'vision': fale ''llp':tfau,e 'ersoonii'g'ttal,",2024-07-29T03:40:12.000,2025-01-28T15:38:58.000
mostly68-475a-48b9-8cdf-32acf28025dd,_RARE_,_RARE_,"{'vision': frlee,'nnp':: rre,  reaaosongn: t rees",2024-07-29T03:40:12.000,2025-03-07T13:05:22.000
mostlye1-3344-480c-9c7e-ce2c3de45817,_RARE_,online,"{'vision': trls, nnlp' tfres,''eeasnong'':t ra, '",2024-07-29T03:40:12.000,2025-04-02T15:03:55.000
mostlya7-2e18-4bb6-a2fd-beead0d464a5,agent_alpha,online,"{'vision: trls, 'nnpp':ttrue'reraoonng::ttue",2025-03-05T08:11:47.000,2025-04-18T11:29:25.000
mostly57-acad-4919-9988-98d0c0e9691a,agent_alpha,_RARE_,"{'vision': frle,,''llp:  fue,, reesooongng:tte, e",2024-08-05T08:58:19.000,2025-06-07T05:15:09.000
mostlyb9-2ddc-4196-bd78-025415db4fbb,_RARE_,_RARE_,"{'vision': fale,, nnlp':trree, reraooning' :re",2025-03-02T14:03:12.000,2025-06-09T10:03:21.000
mostly02-db0b-4d11-8914-7a0d8791558b,agent_vision_01,online,"{vision': trle,,'llp' tee,, raasin'g:tfe e",2024-07-29T03:40:12.000,2025-03-03T18:13:08.000
mostly55-f4f4-4126-ae43-e1a26db5676c,agent_vision_01,_RARE_,"{'vision': frlee  'lp' tfuu,  rerasnnng'  rf,,e",2025-01-23T08:02:45.000,2025-06-09T10:03:21.000
mostlye0-25f7-4277-b1ba-da5b3465bebd,_RARE_,_RARE_,"{'viion':tre  nnl': fule,'reaaoooig: :rrul",2025-03-05T08:11:47.000,2025-01-13T08:15:03.000
mostly5d-d0b9-4842-a5c6-85fdb7956cb3,_RARE_,_RARE_,"'vision': frls,, 'nlp':tue,e  erssooinn''tte,s'",2024-07-29T03:40:12.000,2025-06-07T20:33:07.000
mostly50-ef62-4f30-959a-386660125a33,agent_nlp_core,online,"{'vision': trlee, nlp:  fue,' 'asanonin:: t,s",2025-01-23T03:14:39.000,2025-03-04T15:06:22.000
mostly24-25c9-43c7-85a6-ac91a2a009b2,agent_nlp_core,online,"{'vision': faus, 'nll'' tfue,,''eaassnin'''tu,e",2025-03-05T08:11:47.000,2025-06-07T19:12:24.000
mostlyc9-4d96-41b2-b3cf-4ad8289b1680,_RARE_,_RARE_,"{'vision': frus,  'nlp': frle ,reaeannngn'':rfl '",2025-03-05T08:11:47.000,2025-03-07T15:12:57.000
mostly5e-f6d0-49c3-a763-35a82fca9d18,agent_alpha,_RARE_,"{'vision': frlse,'nnlp'  ruus,'''esniin'''t ,,",2024-08-05T12:24:31.000,2025-05-07T10:37:47.000
mostly52-ea9d-4013-b204-dd6ea043726f,agent_nlp_core,online,"{'vision': tals,  nllp':tfue,  'easannigg:': ree'",2024-07-29T03:40:12.000,2025-06-09T10:03:21.000
mostly92-d10e-4cfc-ac1c-c234d6531445,agent_nlp_core,_RARE_,"{'vision': trlse ''npp: tfale, ''aeaonii':':rra,",2024-07-29T03:40:12.000,2025-01-07T15:12:09.000
mostly70-9809-4f25-8d75-7fca13ee6d0c,agent_nlp_core,_RARE_,"{'vision': als,, npp: trause  reesnonng:::tfee",2024-12-02T08:32:06.000,2025-04-03T18:11:22.000
mostly3f-9156-4a02-bfb6-9eab78b908cf,_RARE_,_RARE_,"{'vision': frus,,'nlp'  fre,,'rrressing'':  fe,e",2025-03-05T08:11:47.000,2025-02-28T13:54:28.000
mostlyb3-6ad2-4b47-b743-85770f7cbd17,agent_nlp_core,_RARE_,"{'visio' frls,''llp:  fls,''easaiigg'': e, e",2024-09-07T08:40:12.000,2025-03-11T20:26:53.000
mostly8d-a683-42e2-853c-8272470ba118,agent_vision_01,online,"{'vision': fals,,nnlp'  tau,,,rreassoiig: : rl e",2024-11-20T08:11:31.000,2025-06-09T10:03:21.000
mostly48-b68e-47ac-a561-9a64b7de393e,_RARE_,online,"{'visin': tale,, nnpp:: trlee  eeasnninn:  ue'",2025-03-05T08:11:47.000,2025-06-04T10:44:32.000
mostlyb5-86c5-40d2-b152-8ceba0894f87,_RARE_,_RARE_,"{'vision: tale,  nnlp:  fale,,'raaannngn:   re",2025-03-05T08:11:47.000,2025-01-07T15:12:09.000
mostly84-018e-4b12-a348-9f41d91db66d,_RARE_,_RARE_,"{'viion' fale,,''nlp: trru, 'rressnng'g' ree",2024-12-29T14:21:43.000,2025-03-06T18:11:15.000
mostly03-85fc-4c23-b241-0f1297f9b6d0,agent_vision_01,_RARE_,"{'vision': tls,, 'llp'  rree   'esonoinn' : fel",2025-03-05T08:11:47.000,2025-01-24T13:12:06.000
mostly19-a7ad-4950-a69b-f4baef33db35,_RARE_,_RARE_,"{'visin': tale,, 'nlp':tres,,''esnnn''':ues",2024-07-29T03:40:12.000,2025-01-20T13:06:03.000
mostly17-f0b5-467b-b35d-d1fcbe7e4bd5,agent_alpha,_RARE_,"{'vision' fals,,'nnlp:: rree,''erasonng' :ree",2024-07-29T03:40:12.000,2025-01-10T15:36:09.000
mostlye8-61b6-4d68-8f33-dd6815203904,_RARE_,_RARE_,"{'vison': trlee,''np'': true, 'reasoinng::trl",2025-03-05T08:11:47.000,2025-01-19T16:41:26.000
mostly91-9c9f-4358-bd22-710d7227ba87,agent_alpha,online,"{'vision': talse 'nll: faes,'resosning': re,,",2024-07-29T03:40:12.000,2025-01-07T15:36:21.000
mostlyb0-aa44-42ba-aa7f-ef29874c8a47,agent_vision_01,_RARE_,"{'vision': truee, 'npp'  tee reessiin'::tt",2024-07-29T03:40:12.000,2025-06-09T10:03:21.000
mostly6d-01a1-42b5-bcc0-d4d5fb272618,agent_vision_01,_RARE_,"{'vision': fls,, nllp' rrle  r'assnning: :e,",2025-03-05T08:11:47.000,2025-06-09T10:03:21.000
mostly1c-6e39-4beb-8678-a2d9d6c1b9a6,_RARE_,online,"{'vision': false, 'nlp':trs,,'eeaanongg::t fue",2024-08-29T16:45:19.000,2025-01-07T15:12:09.000
mostly14-1004-47f6-8c8e-1946d4c32e1e,_RARE_,_RARE_,"{'visio': fals,, nnpp':ttaes, 'eaasnini':'ttae",2024-07-29T03:40:12.000,2025-01-18T18:03:09.000
mostly89-c39b-4880-b502-0d90371eaf1d,agent_vision_01,online,"{'vision' fals,  nnlp':ttre,  rereosingng: ,",2025-02-27T13:02:17.000,2025-03-20T15:51:18.000
mostlya0-bae5-4360-b251-14b718306b09,agent_nlp_core,online,"{'vision': talse ''ll'': tre, 'reaonnii'g::",2024-07-29T03:40:12.000,2025-06-09T10:03:21.000
mostly56-6149-4152-be8f-4392d0d93689,_RARE_,_RARE_,"{'vision': talee 'nllp': fuue,'rraoniig'g  rl e",2024-11-28T08:13:10.000,2025-06-08T10:29:57.000
mostly57-fbbc-487e-894e-a96ab89263db,agent_vision_01,_RARE_,"{'viion': tauee,'nl''  free 'reresonnnn: tru, e",2024-11-05T07:40:12.000,2025-04-16T16:13:21.000
mostly65-a11d-47f8-a9e4-3199320ab840,agent_nlp_core,_RARE_,"{'vision': ale,,'nnpp'  l  'reaannnng:  tr,",2024-07-29T03:40:12.000,2025-06-09T10:03:21.000
mostlyae-bc4a-4cd9-be68-82315147c4ea,agent_alpha,_RARE_,"{'vision': fals,,'nlp': ru,  eeaoninn':'t rl",2024-07-29T03:40:12.000,2025-04-22T10:20:45.000
mostlyb2-dddf-44bb-9c3b-bf047a0dab40,agent_alpha,online,"{'vision': faus  nnp':  tru, ,'raesnonng:  ule",2024-08-29T16:54:15.000,2025-05-11T15:04:49.000
mostlya3-6ae5-4943-bfbb-474fc257f77e,agent_vision_01,online,"{'vison': fas,, 'np': rueee'rressnni'g::ls",2024-11-03T07:58:48.000,2025-01-18T15:17:59.000
mostlye1-f111-4895-b7d3-4187cde61128,agent_alpha,_RARE_,"{'visin': false,''nlp' trus,,'eeassnnng: : fe",2024-07-29T03:40:12.000,2025-01-09T21:06:24.000
mostly95-4bed-4e52-93ca-f5af69734fad,agent_alpha,online,"{'vision': trlee  'p':: tale ,rerasniigg'  ee'",2025-03-05T08:11:47.000,2025-01-17T14:26:16.000
mostly3f-add6-437c-8e2e-9d49c506c2a0,agent_nlp_core,_RARE_,"{'vision': false,''nl'' tfaus,'''aasong'g t ras",2024-08-22T08:26:37.000,2025-06-07T10:54:09.000
mostly56-03af-411c-ba81-ddd0a7ad16f1,_RARE_,online,"{'vision': trls,,'nnp':tfue,,  eaeaonnn':  u, e",2024-08-24T20:21:47.000,2025-06-09T10:03:21.000
mostly86-94e9-4376-8219-13865059ea76,_RARE_,_RARE_,"{'vision' faee ''nl'::tues,, rssninn'':ru",2025-03-05T08:11:47.000,2025-06-09T10:03:21.000
mostlyd9-db4d-4713-89fa-5d96ba007185,agent_vision_01,_RARE_,"{'vision': fase,'ll':: tee'r'eassonng''tralse",2024-07-29T03:40:12.000,2025-06-07T15:27:21.000
mostly65-8b1a-4055-b963-4fc06322411e,agent_vision_01,_RARE_,"{'vision': frue,, 'lp'': free ,'eranoni'' tr,se",2024-07-29T03:40:12.000,2025-06-09T10:03:21.000
mostly80-52e1-490f-83a9-f6931195d66b,agent_alpha,online,"{'visin' fruse,'npp::traese 'eeaonoin'::ra,",2024-12-14T21:11:31.000,2025-03-12T11:23:16.000
mostly7b-516b-4470-8863-7cb005be365d,_RARE_,online,"{'vision: frlee  'npp' rueee'rrrasnonn' : re,,",2025-03-03T03:41:47.000,2025-06-09T10:03:21.000
mostlyed-78bc-44c3-a9a7-e9ded699ced9,_RARE_,online,"{'visin': false, 'nl':  fru,,,rrasonigg':",2024-07-29T03:40:12.000,2025-03-01T16:31:21.000
mostly63-11cd-42d9-9cc9-44b8fc95bc0e,agent_alpha,_RARE_,{'vsion': talse ''lpp'  fuee ''eaasnongn:'  ue e,2025-03-05T08:11:47.000,2025-06-09T10:03:21.000
mostlyc1-a80a-4b26-809f-a2ca9ef70bee,agent_alpha,_RARE_,"{'vision': frls,, 'nlp:: ru,,''rasoonigg':ttfele",2025-03-05T08:11:47.000,2025-01-20T11:06:04.000
mostly05-8554-4ec3-9cf6-7952096933d8,agent_nlp_core,_RARE_,"{'vision': frlse,'nlp'  frus  rrrsooiinn: : ee",2025-03-05T08:11:47.000,2025-02-04T09:36:39.000
mostly1b-7c71-4008-8d71-40b5977b0e4e,_RARE_,online,"{'vision': falee  nnpp: trru,,,rrrsonnnnn'',s",2024-10-26T03:44:35.000,2025-06-07T15:12:21.000
mostly02-0d3e-4a0e-bf14-2d272afb23ec,_RARE_,online,"{'visin': talse,''llp': rree  reeaoonngg:' rul",2024-09-27T06:05:06.000,2025-03-09T05:06:40.000
mostly6e-6e98-41a1-883d-303bbc6323bd,_RARE_,online,"{'viio': faue,,''lpp'  rre, 'rrasaninig:  rf,",2025-03-05T08:11:47.000,2025-04-28T16:51:21.000
mostlyf5-3a21-49f9-8641-0bf4caab1a42,agent_alpha,online,"{'vision': trls,,'nl':: fuese'rraaing'':  l,'",2025-01-16T07:37:08.000,2025-02-17T15:13:41.000
mostly86-a7cb-4747-81a2-b31d7e137501,agent_nlp_core,_RARE_,"{'vision': talee,'nllp'  tue,'rrreosnnig:   ,s'",2024-07-29T03:40:12.000,2025-06-09T10:03:21.000
mostly67-81d4-486f-a79b-126f4feb83ca,agent_vision_01,_RARE_,"{'vision': faue,, 'llp'tfues,' easanonggg :a",2024-07-29T03:40:12.000,2025-06-09T10:03:21.000
mostly15-9daa-4e8e-ac1c-6c71e3a4d20e,agent_alpha,online,"{'visin': trse, nnpp::trree , eraonoinn:'rae",2024-08-29T09:38:12.000,2025-01-09T18:48:54.000
mostly11-d034-40b4-ab62-7a10d0291b1c,_RARE_,_RARE_,"{'vison': trls,  nnl'':ruue''eaesonin':'tu,s",2024-07-29T03:40:12.000,2025-06-09T10:03:21.000
mostly5c-6266-414d-b774-dcb6add5ded7,_RARE_,_RARE_,"{'vision': frle, 'np: tueee 'eaasnning'true",2025-03-02T03:11:12.000,2025-06-09T10:03:21.000
mostly9c-7f8b-4f0b-bcbd-a9601a14427d,agent_alpha,online,"{'vision': fauee, 'llp' fuuse  eeaaniign''t else",2024-07-29T03:40:12.000,2025-03-27T15:33:14.000
mostly0a-5ca0-4e47-bc9b-da8e9b9f60a3,_RARE_,_RARE_,"'vision': frlee  nnlp:: fule ' reasonnn: t f,,",2024-10-22T08:10:16.000,2025-03-11T13:39:40.000
mostlye7-94d0-4233-9a64-09e55bf0810b,_RARE_,online,"{'vision': fae,, 'nlp:: ruls,'eaonongng'trls",2025-03-05T08:02:59.000,2025-02-05T21:46:29.000
mostlye2-61c8-4881-82fd-31cfa5e457d4,_RARE_,online,"{'vision' frlse,''ll'':tfr, rrraonnnng':  e",2024-07-29T03:40:12.000,2025-06-09T10:03:21.000
mostly0a-d4b0-4e50-a45f-840d62e06c14,_RARE_,online,{'vision': frlse  'nl'  rres   'aessini' t ae e,2024-07-29T03:40:12.000,2025-04-09T11:47:12.000
mostlyb9-f73d-416f-9480-23fb27786e88,_RARE_,_RARE_,"{'vision': talee, nlp: trrue  rassiinn'aee",2025-03-05T08:11:47.000,2025-01-18T15:49:09.000
mostly56-66ba-4562-9907-01fd0ee66a3d,agent_alpha,_RARE_,{'vision': talee  'nl':: trls  'raassonng::trfu ',2024-12-03T11:58:55.000,2025-06-09T10:03:21.000
mostly0c-cd67-46c6-81f8-49bb544f955e,agent_alpha,online,"{'visio': falee,'nlp:: rree, 'ressnonnng:ttf,e",2025-03-05T08:11:47.000,2025-03-10T12:53:09.000
mostly64-81b9-4397-bdbd-91370bef745b,_RARE_,_RARE_,"{'vision': rls,,'nl'  frese r'aeoonngg'': ,,",2025-03-05T08:11:47.000,2025-03-12T15:11:47.000
mostly7d-b396-4059-9570-13991fdd18d9,agent_nlp_core,_RARE_,"{'vision': faue,  'npp' tul,, 'rasssoin'::t ree",2024-07-29T03:40:12.000,2025-02-21T10:19:24.000
mostly2b-cbff-44dd-82fc-62014014a5ec,agent_nlp_core,_RARE_,"{'vision': frlee,''ll'':tu,e'''easooin':  tr",2025-03-05T08:11:47.000,2025-02-03T17:12:40.000
mostly60-5530-4142-a52e-bdf751982db6,agent_vision_01,_RARE_,"{'vision': frlee 'nlpp: ttal,,''eeaaooni':teee",2024-08-11T20:22:26.000,2025-01-17T08:47:54.000
mostly77-e65a-4055-8717-9f70349c8397,agent_nlp_core,online,{'vision': talee  nnl''  trlee' 'rassnnnn:: re e,2024-07-29T03:40:12.000,2025-02-17T15:08:41.000
mostly15-c39a-4685-a93c-c4da5f529526,agent_alpha,_RARE_,"{visio': false,'nnp'' ruee   'aassonn::tru,,'",2024-07-29T03:40:12.000,2025-06-09T10:03:21.000
mostlya8-34f3-48e4-ab92-94ba5163a502,agent_nlp_core,_RARE_,"{'visin': truse, npp'  rue,e ''eessoig' t els'",2024-07-29T03:40:12.000,2025-06-09T10:03:21.000
mostly6f-034c-4b2d-a17a-bc47d2dd3539,_RARE_,_RARE_,"{'vision': talee, 'nlp'  tues, reaaaooigg'::tul'",2025-03-05T08:11:47.000,2025-01-28T05:08:21.000
mostlyd7-d2a6-42c2-b096-e9c2209e744f,_RARE_,_RARE_,{vision': frlee  'lpp::truese r'easnngg':  else,2024-12-27T13:40:41.000,2025-06-02T05:42:03.000
mostly7c-e77e-4667-b201-fcdfd52de699,agent_vision_01,online,"'vision': falee, nnpp': tues, rresaonngg'':rr,",2024-07-29T03:40:12.000,2025-04-23T21:50:56.000
mostly08-d8ee-400a-93b7-3cce161ce2bb,_RARE_,online,"{'vision': trse,'nnpp:: rue,  eaesooinn':  '",2025-03-05T08:11:47.000,2025-02-08T07:11:57.000
mostly27-bcc3-4c92-b75f-b002f40ddfb1,agent_nlp_core,online,"{'vision': fruse,'nnp'': rres rersaoingn:  rrees",2024-07-29T03:40:12.000,2025-06-09T10:03:21.000
mostly5a-8459-42b8-bc28-299a9e253caf,_RARE_,_RARE_,"{'vision': tale,,''llp::ttrue,'rerassnnn'' t al '",2024-07-29T03:40:12.000,2025-06-09T10:03:21.000
mostly54-3eab-4be7-8275-6c7df5c9954a,_RARE_,_RARE_,"{'vision': talse  'nl''  fes,''raaaiing:'tru,",2024-11-12T03:42:35.000,2025-06-09T10:03:21.000
mostly3d-b2c7-4132-873c-d3ccba4805eb,agent_vision_01,_RARE_,"{'vision': fauee, 'nl'::ttul,e ''eeoni'::a '",2025-03-05T08:11:47.000,2025-06-09T10:03:21.000
mostly2e-71bc-408c-bb55-83a0e0def9ab,_RARE_,_RARE_,"{'vision': frlse ''nl':: raee,''reasnongg: ttuls",2025-03-05T08:11:47.000,2025-06-09T10:03:21.000
mostly04-779c-4e03-b237-30948eb190c9,agent_nlp_core,_RARE_,"{'visn': falee,'nll': trrue,  eeasoinng' :tfe,",2025-03-05T08:11:47.000,2025-03-06T19:12:23.000
mostly50-cb60-43d8-9901-4a663c0383bc,_RARE_,_RARE_,"{'viion': fals, 'nlp:: fre,,  rreoonnng::  ru,",2024-11-29T08:18:26.000,2025-06-09T10:03:21.000
mostlyc9-37f4-4041-b3fc-b8de28740bb4,agent_nlp_core,online,"'vision': frlee,'nnlp': tau,e  rraoniign:: false",2024-08-29T06:38:36.000,2025-06-09T10:03:21.000
mostly40-6ee0-4f12-adb4-32370a1892eb,agent_vision_01,_RARE_,"{'vison': fals,, 'nl': tfue,e,'eeaanniig'':rres",2025-03-05T08:11:47.000,2025-01-20T18:19:38.000
mostlyc3-0053-43e1-80e9-7fdf16e46723,_RARE_,_RARE_,"'vision': fruse''llp:  tre,, rraessnngg:: rfel",2024-07-29T03:40:12.000,2025-02-07T15:21:03.000
mostlya1-139f-4ac8-9a11-ee9372c3dbc7,agent_vision_01,_RARE_,"{'vision': falee,'nnl'::ttale,'reaeaonnigg  tfa,,",2024-10-02T08:48:22.000,2025-06-09T10:03:21.000
mostly28-c0d6-4e73-be8e-96f5589c33b3,agent_vision_01,online,"{'vision': fauee,'nnlp:: tuus ,rrasaninggg  te '",2025-03-05T08:11:47.000,2025-01-25T21:42:40.000
mostlye8-c3bd-4965-bec5-ad3497d78fbd,agent_nlp_core,_RARE_,"'vision': faee  'nlp:  ruuse,'eraooinig:'tra,",2025-03-05T08:11:47.000,2025-06-07T06:12:22.000
mostly35-fe0c-401a-9446-93722ca6ba3b,agent_nlp_core,_RARE_,"{'vision': trlee, nlp'': rues, rereanoing:: tre, e",2024-07-29T03:40:12.000,2025-06-09T10:03:21.000
mostlyc8-0f29-4c3a-9295-1605d278ff99,_RARE_,_RARE_,"{vision': trle,  nlp:  rrue,,reaeooonin: trule",2025-03-05T08:11:47.000,2025-04-17T15:31:21.000
mostly02-c283-44d8-9f63-d80e7511886b,agent_vision_01,_RARE_,"{'vision': fals,'nll'': trle, reaesoini': tte",2024-07-29T03:40:12.000,2025-01-07T15:12:09.000
mostlyeb-737d-4c5a-bb62-47de245104c8,_RARE_,_RARE_,"{'vision' tals, nnpp:  tuus, 'eesooniin:: trae",2025-03-05T08:11:47.000,2025-06-09T10:03:21.000
mostlyca-50e7-4f17-a79f-468fa557755c,_RARE_,_RARE_,"{'vision' falee 'll': tuee, eeennnnn: :fae,",2025-03-05T08:11:47.000,2025-06-09T10:03:21.000
mostly8d-b3bd-45c4-a1dd-72de040b3bc2,_RARE_,_RARE_,"{'vision': free,''llp'  tues,' eesaoong::tl",2025-03-05T08:11:47.000,2025-06-06T08:47:44.000
mostlyd8-47db-4e93-bda9-5fb509dcf239,agent_alpha,online,"{'vision':truse, 'nl':  faes, ersooing: :ra,s",2024-07-29T03:40:12.000,2025-05-06T10:28:15.000
mostlyb5-ff52-4836-a506-9cfaba963f45,_RARE_,online,"{'vision': truee  'nlp::truee'reessniin'::el,",2025-03-05T08:11:47.000,2025-06-09T10:03:21.000
mostlydf-6568-4782-bd13-14e7ad2ba397,agent_nlp_core,_RARE_,"{'vision': trle,, nl''  ul,e'reesaoongng : e",2025-01-07T13:40:47.000,2025-04-02T16:50:09.000
mostly04-c6f6-4e6d-85fa-39ba727db14b,agent_alpha,_RARE_,"{'vision': tals,,'nlpp:  tres  'eesonoii'':tfs",2024-08-29T03:40:27.000,2025-04-17T05:19:22.000
mostly78-084a-4ebb-9000-a955d7493e5a,agent_alpha,_RARE_,"{'vsion': frlee, nnl'':ttus 'reraonoin'''t a,",2024-07-29T03:40:12.000,2025-04-14T15:15:54.000
mostlyaf-97d8-4b37-8e41-fd1e8cca5c5c,_RARE_,_RARE_,"{'vision': fale  'pp::tfu,, rrasnnnnn':ttel,e",2025-01-07T11:21:32.000,2025-05-25T19:02:14.000
mostlyc2-98d1-45a5-bd95-07c086d4b3fe,agent_nlp_core,online,{'vision': truse 'nnl':: tres  reaniig'' tfa,2025-02-05T13:14:07.000,2025-01-07T16:23:32.000
mostly7f-cfe5-41a4-bde5-e21ec184487d,agent_vision_01,_RARE_,"{'vision': falee  nlp'::tral,,'reaaoniggg tra,,'",2024-08-25T17:34:14.000,2025-06-09T10:03:21.000
mostly8a-ad73-4d6d-85e0-e0e65bb66c4a,agent_alpha,online,"{'vision': false, nnpp::traue,rrassoning:'tae",2025-03-05T08:11:47.000,2025-01-07T15:49:59.000
mostly00-37d8-4fb5-ae65-32ba64c33f19,_RARE_,_RARE_,"{'visio': fale, 'nlp:: tal,,, eassonnn'g'tls",2025-03-05T08:11:47.000,2025-04-02T10:23:51.000
mostlya2-f71f-4719-a288-3c6b35e5e37f,_RARE_,online,"vision': rle,, 'llp:  tuus , ereongg::  fel",2024-07-29T03:40:12.000,2025-01-22T19:44:18.000
mostly2e-f2af-4808-b4f8-06ddad60bfb2,_RARE_,online,{'visio': truee ''lp'' tuse  eessiing' trels,2025-03-05T08:11:47.000,2025-01-25T16:45:02.000
mostlyd6-032f-4155-ac99-f15be7d0a28d,agent_vision_01,_RARE_,"'vsion': frlee ''npp': tru,,' eesoingng:tte,",2025-03-05T08:11:47.000,2025-03-25T15:37:25.000
mostly92-2727-429f-aba4-5093f99cf0f4,agent_vision_01,_RARE_,"{'visin': frlse, 'lp'':tree ,'reaaoinnn::  fu, '",2024-07-29T03:40:12.000,2025-06-09T10:03:21.000
mostly95-e4e2-4fec-841f-6acd401f890b,agent_vision_01,_RARE_,"{'vision': trlse,'nlp:  tues,'r'aonong':' f,",2024-08-05T03:26:52.000,2025-01-16T04:04:57.000
mostlyb5-5f73-44ac-b9f7-5e35d73e7600,_RARE_,_RARE_,"{'vision': frlse,'nl'::ttal,, rresooin'   fes",2025-03-03T18:38:08.000,2025-01-21T16:03:34.000
mostlyb1-e3cb-4c04-b2f4-87db3e74b29c,_RARE_,online,"{'viion': alse  'lpp':trae,  reasonini'::t re,e",2024-07-29T03:40:12.000,2025-01-09T15:29:37.000
mostly94-7feb-4163-b649-c31e0cc1c425,_RARE_,_RARE_,"{'vision': faus,, nlp': tree, rersosning' tte,e",2025-01-22T08:47:12.000,2025-06-09T10:03:21.000
mostly3c-2331-4b63-afab-f27bad85c96a,agent_vision_01,_RARE_,"{viion': fals,  nnl': free, ''eesningg:  fel",2025-03-05T08:11:47.000,2025-03-03T08:11:57.000
mostly74-f3e2-4296-ad40-019f5ebec212,agent_vision_01,online,{'visio': false ''lpp: traue ' eeeasingg': rf e,2024-08-22T03:40:55.000,2025-01-09T16:46:14.000
mostly9a-486c-48b5-9278-330ea49b25a7,agent_nlp_core,online,"{'vision': frle,  nl:  fause'rrassoonn''ttule",2024-07-29T03:40:12.000,2025-06-09T10:03:21.000
mostlyf3-5493-4867-8279-73b52fce5c05,agent_vision_01,online,"{'vision': truse 'npp: ttrus  rreassnnng': ee,",2025-03-05T08:11:47.000,2025-03-22T16:25:24.000
mostly67-69dd-4254-8eb8-d851bda807ec,_RARE_,_RARE_,"{'visin': false  'np'::ttu,,' ersannnn'g:: re,se",2024-07-29T03:40:12.000,2025-06-09T10:03:21.000
mostlyb7-d30f-4a0c-9e0f-bd31683de75b,agent_nlp_core,_RARE_,"{'viion': frus,, nnp'::tfuuse'reaasninnn:   f '",2025-03-05T08:11:47.000,2025-06-09T06:48:21.000
mostly4b-e5e1-41de-8ea9-b8a7ebb549d1,_RARE_,_RARE_,"'vision': fals,,'nlp': uu,e, eaaasini' : u,",2025-03-05T08:11:47.000,2025-06-09T10:03:21.000
mostly6f-457c-4b17-81e9-98eb0717daac,_RARE_,online,"{'vision': falee,'nlp':: fuese,rressniigng  tul,",2025-03-05T08:11:47.000,2025-06-09T10:03:21.000
mostlyef-cdc2-4a6c-9a2d-489c0c16e2e3,agent_vision_01,online,"{'vision': tale ''np': tfuus, 'rasnii'' t fu,s",2025-03-05T08:11:47.000,2025-06-09T10:03:21.000
mostly1b-6390-4060-8e34-f81e90edd46d,_RARE_,online,"{'ision': taus,, 'llp:  fues,'rerennnng :te,'",2024-07-29T03:40:12.000,2025-06-09T10:03:21.000
mostly8a-fe17-47e7-9008-d93b58d13012,agent_vision_01,_RARE_,"{'vision':fauee, nnl'':trrlse''rasonnngg:'  '",2025-03-05T08:11:47.000,2025-02-13T16:55:55.000
mostly69-6c9e-4ff4-a595-96d42d2ccecf,_RARE_,_RARE_,"{'vision': frlse, 'pp':truue rerssnnin''   aes",2025-03-05T08:11:47.000,2025-03-14T08:45:35.000
mostly56-2d30-44e5-a231-543fd6554540,agent_vision_01,_RARE_,"{'vision': frlse, nllp': tulee'reaassiin''t r",2024-07-29T17:45:39.000,2025-03-26T16:45:28.000
mostly48-7050-4fc8-832a-7bd7ed73b806,_RARE_,online,"{'vision': frlse 'pp' truu,,reeeosinig:::r,",2025-03-05T08:11:47.000,2025-01-09T08:06:12.000
mostly07-65f4-4348-a323-961b96513b2d,agent_alpha,_RARE_,"{'vision': fals  nnl'::truu, 'reeaonoig:  tl,",2025-03-05T08:11:47.000,2025-01-07T15:12:09.000
mostly09-0a36-4915-8e63-48c778da8e30,agent_vision_01,_RARE_,{'vision':tause  'lp':  rres ''easssngn':tree,2025-03-05T08:11:47.000,2025-03-19T15:07:36.000
mostly0c-39e2-472f-8f3f-3b5b2d1eecba,_RARE_,_RARE_,"{'vision': frlee  'nlp ttuuee,reesnnn'g rul",2024-08-26T03:35:28.000,2025-01-10T21:06:58.000
mostly20-9a4c-43da-873d-b99655007fb1,agent_vision_01,online,"{'isin': frus, ''npp: trese rrraononigg treee",2024-07-29T03:40:12.000,2025-06-07T16:46:09.000
mostlya3-24e8-49b2-a12c-8275e1a7aa4a,agent_vision_01,_RARE_,"{'viion' frlse,'nll'::tfaee 'rresnong':: e,,",2024-11-22T11:18:16.000,2025-01-07T15:12:09.000
mostlye4-9757-497f-95ae-6a72f0fa384f,_RARE_,online,"{'vision': true  'npp':trul, ''eaesniingg t ra",2025-03-05T08:11:47.000,2025-06-09T10:03:21.000
mostly00-348f-4649-93f0-13eba6b514c6,agent_nlp_core,_RARE_,{'vision': fase  nlp'  ralee 'rassoinng''trel,2024-07-29T03:40:12.000,2025-06-09T10:03:21.000
mostly67-9ca6-4707-b649-767d12506f85,agent_nlp_core,_RARE_,"{'vision': trlse, nlpp:  rals,''eeesnnng':': e,,e",2024-08-05T14:16:21.000,2025-06-09T10:03:21.000
mostly35-6d26-45f4-9e39-936bdfdb3db9,agent_vision_01,online,"{'vision': falee, nlp'':ttre,'eaaonnng'': el,",2024-07-29T03:40:12.000,2025-06-09T10:03:21.000
mostly4e-b0f1-4f00-b3e4-3dfab66ccfde,agent_vision_01,_RARE_,"{'vision': fals,''lp':  fuue,, easonnng::ttrue,'",2024-08-29T14:53:12.000,2025-06-09T10:03:21.000
mostly9c-c952-40a7-9fd5-8b7a5e062d52,agent_nlp_core,_RARE_,"{'vision': fause,'nnlp': raee, rresonnnig': e",2024-07-29T03:40:12.000,2025-06-02T07:30:26.000
mostlya7-f629-4b84-985e-dc3ec9584006,_RARE_,_RARE_,{'vision': frlse ''lp::rls 'rerssoinn::ttfeese,2024-11-05T20:39:12.000,2025-06-09T10:03:21.000
mostly97-4fc7-45a2-99af-ce5bc8592250,agent_nlp_core,_RARE_,"{'vision: fale, 'nnp'':fues, 'eaesoingg:' tral",2025-01-05T19:38:32.000,2025-06-09T10:03:21.000
mostlyba-c414-4a9a-8d81-30b0032e7484,_RARE_,_RARE_,"{'vision' frlee ''nl'':tfue, ''eaesonnng::  al,",2025-03-05T08:11:47.000,2025-01-14T13:05:26.000
mostly02-45ab-4d6e-ba0a-8ff17e7f7d50,_RARE_,online,"{'vision': als,,'nllp':trreee reeaooninn: :e",2024-07-29T03:40:12.000,2025-05-10T13:28:44.000
mostly1b-03c1-4cd7-923c-035e7aaa7c20,agent_vision_01,_RARE_,"{'vision': fus,  nnpp':tfl,  reeaoonnng' :tfel,e",2025-03-05T08:11:22.000,2025-06-09T10:03:21.000
mostly90-a0c8-476e-91e7-2221687255c3,_RARE_,_RARE_,"{'vision': tal,,'nnlp': rul,''eaasoongn:::tee'",2025-03-05T08:11:47.000,2025-02-20T15:09:30.000
mostly70-143b-4b03-ab80-aacf989a3fc9,agent_nlp_core,_RARE_,"{'vision': tale  'npp':traus,'rersssiign':f,'",2024-07-29T03:40:12.000,2025-01-09T17:56:09.000
mostly8b-cb88-4c34-8c8e-dfb3b71cc71a,agent_alpha,_RARE_,"{'vision':tauee, nnlp':rueee 'easssinn'' t",2024-07-29T03:40:12.000,2025-06-09T10:03:21.000
mostly86-f2f2-4f22-9db0-c5cf4e041192,_RARE_,online,"{'visin': fruee  'nl' ruus  reessinnn' tfee,",2024-11-28T04:40:32.000,2025-06-09T10:03:21.000
mostly66-fbfa-4b47-b594-b1fbd5da4c03,_RARE_,_RARE_,"{'vision': frls,, nllp': frl, 'reassiiig tr,,'",2024-07-29T03:40:12.000,2025-01-12T15:12:37.000
mostly14-7fc8-463b-9297-21d59ca9e588,agent_alpha,_RARE_,"{'vision': frle,  'llp'  rres,, easoooinng't u",2024-07-29T03:40:12.000,2025-03-07T09:45:21.000
mostly68-54e6-4349-8c46-99c707593010,_RARE_,online,"'vision': tals,,'nllp: raue,'rrrsaningn: tree'",2024-07-29T03:40:12.000,2025-02-28T15:50:09.000
mostlyf2-3607-4f6b-a336-e2ed4a48f6aa,_RARE_,_RARE_,"{'vision': fruse, 'llp' tuue'rrassonig'g:trul,",2025-03-05T08:11:47.000,2025-01-15T16:19:57.000
mostly12-db2c-4133-9077-2d3ec8012255,agent_vision_01,online,"{'vision': trlse,''npp:: rae, , 'rasoiinn::tre,",2024-07-29T03:40:12.000,2025-03-27T09:45:03.000
mostly36-5abe-4ee6-b622-2ad381bd41f4,_RARE_,_RARE_,"{'vision': fause ''llp'  rres,,ersoongg':t fu",2024-10-14T10:06:12.000,2025-03-10T04:19:13.000
mostly8e-d3b0-4144-885a-4f93bf485779,agent_alpha,_RARE_,"{'vision': frlse, nnp:  fee ' eeasonni':: r, e",2024-07-29T03:40:12.000,2025-01-25T15:28:41.000
mostly00-22ed-4ba3-a058-5ad65d50da9d,agent_vision_01,_RARE_,"{'vision': frue,  nnl'': fue,e  eaaanoig'g:: fu",2025-03-05T08:11:47.000,2025-06-09T10:03:21.000
mostly69-2bc8-43cf-91ec-be329c687c07,agent_alpha,online,"{'vision': flee,lpp:  ue,e, reonnnn':'  ee",2024-09-22T08:39:59.000,2025-01-10T21:46:12.000
mostlye5-74cc-4616-9c86-5eb8fcfed46f,agent_vision_01,_RARE_,"{'vsion': fauee,'nlpp::trues,,'reesnonggg:  ,",2025-03-05T08:11:47.000,2025-06-09T10:03:21.000
mostly88-7253-4bf0-a714-cb64234e3f30,_RARE_,_RARE_,"{'vsion': tals, ''nl''  fale '''eessinnn:trfe",2025-03-05T08:11:47.000,2025-06-09T10:03:21.000
mostly67-84ab-4831-9772-b1c98142e96c,agent_nlp_core,_RARE_,"{'vision': tauee, nnp'  ls  reraanoin': tta,e",2024-07-29T03:40:12.000,2025-06-09T10:03:21.000
mostly46-4f95-44d4-aad4-55eda5026f34,_RARE_,online,"{'vision':fruee, nnpp'  fuee  rrasasnngng :u,,e",2024-07-29T03:40:12.000,2025-06-09T10:03:21.000
mostly1f-2c5b-4f03-b59b-a928ce0f4812,agent_nlp_core,online,"{'vision': false''npp': rrle, 'erssonngg' trfl e",2024-11-18T03:57:26.000,2025-01-07T21:06:23.000
mostlyf7-7b01-4e3b-9be1-8ecfb7bd9f05,_RARE_,_RARE_,"{'vision': tals,  nlp: ttaes,,rrraaonng'g'ree e",2024-07-29T03:40:12.000,2025-01-21T15:03:28.000
mostly8e-7cc9-4be8-acfc-f1fb3fcd19c6,_RARE_,_RARE_,"{'vision': talse, np': traee,'rassnnn':tfee",2024-07-29T03:40:12.000,2025-06-09T10:03:21.000
mostly77-2846-43b5-9391-54ece1d7b843,_RARE_,_RARE_,"{'vison': frls,  nnlp:  fuue,'reeesoniig' tal,",2024-11-22T08:58:41.000,2025-06-09T10:03:21.000
mostly5e-d6b6-4844-ba22-58ede8a6526c,_RARE_,online,"{'vision': falee, 'llp:  tueee  eassningng  re,",2025-03-05T08:11:47.000,2025-06-09T10:03:21.000
mostly2e-22c2-478d-8a7e-c9931ef77cf0,agent_nlp_core,_RARE_,"{'vision': frle,, nnpp:  faes, 'asanonng:::fe,,",2025-03-05T08:11:47.000,2025-01-09T15:43:18.000
mostlyfb-e8d9-4aa4-a515-8347827f7b0c,agent_alpha,online,"{'visio': trs,  'llp::truue   eaning: tfa '",2024-07-29T03:40:12.000,2025-06-09T10:03:21.000
mostly31-d9af-4f62-ae1c-75a40532e28f,_RARE_,_RARE_,"{'vision': tale,  'nlp:: tue,''eeaononng: tls",2025-03-05T08:11:47.000,2025-03-11T04:19:48.000
mostly06-4bef-4eae-8708-3296c2c6b2f4,agent_vision_01,online,"{'vision: frlse,''pp:: rul,   eaonnnnn::rf,",2024-12-27T05:38:10.000,2025-06-09T10:03:21.000
mostly7d-990c-422b-80c9-07dbc42b2a15,agent_nlp_core,_RARE_,"{'vision': frlee, 'nlp': fre, ,r'aooiin: :trel,",2025-03-05T08:11:47.000,2025-01-07T15:12:09.000
mostly09-21f3-4e96-b31d-1f0097970de3,_RARE_,online,"{'vision': faus,,''lp':: fue, ,reasaniiin'::rfe",2024-09-25T05:11:59.000,2025-01-18T08:35:36.000
mostly2a-6dab-4c9e-ad5e-19fedc4a540a,_RARE_,_RARE_,"{'vision': tause,''ll'' ttru,,'eaasnng': tel,e",2025-03-05T08:11:47.000,2025-06-05T10:12:08.000
mostlyab-39c5-4416-a66e-4344b98b8124,agent_vision_01,online,"{'vision': fuse,'ll'': fueee''eeasonig:  rfu, e",2025-03-05T08:11:47.000,2025-04-29T16:19:51.000
mostly30-058b-4833-a0fa-9485870698aa,agent_vision_01,online,"{'vision': rlee ''nl'::tuu,e' eesosing'::  e,,'",2024-07-29T03:40:12.000,2025-04-22T20:54:21.000
mostlye6-193f-4d53-8e34-8800d1e016c6,agent_alpha,_RARE_,"{'vision': trlee, 'llp:  fuee, reaasninig':t e",2025-03-05T08:11:47.000,2025-01-07T15:12:09.000
mostlye3-40e0-4c34-9eb5-45ff0d62f72d,agent_vision_01,online,"{'vision':truse, 'nlp': trle   eaassniigg:t fu,s",2024-07-29T03:40:12.000,2025-06-07T16:44:11.000
mostly42-93c8-445b-bb5b-0b928ef2cbad,agent_alpha,_RARE_,"{'viin': talee, nnlp:: ruee 'easoini''' rre,",2024-07-29T03:40:12.000,2025-04-25T16:50:04.000
mostly1a-845a-4a13-b299-a065e5fb4fbd,agent_vision_01,_RARE_,"{'vison': fause,'nlpp':ttaes,' eraaninggg't els",2024-09-28T18:24:12.000,2025-02-28T18:35:27.000
mostlya5-b2f2-4b76-bfef-5c5179377638,agent_nlp_core,_RARE_,"{'vision': talee,'nl'' ruee,'reeeannig': :tu,",2024-09-15T07:23:47.000,2025-05-04T10:12:34.000
mostly99-1ecd-40a3-8167-a9412cce6ffb,_RARE_,_RARE_,"{'vision': falee 'np'  rues 'reeaasniig:: re,,'",2024-07-29T03:40:12.000,2025-01-12T12:15:15.000
mostly45-5c87-46b0-afca-afbe517bc5d5,agent_vision_01,online,"{'vision': frle  nnlp::ttue,e'reeaonig':ls",2024-10-11T03:13:47.000,2025-03-07T21:16:57.000
mostlyfd-f3fd-4d9a-b11c-d4af50d8abe4,agent_nlp_core,_RARE_,"{'vision': fause, nnlp:  tuese 'ereaooig':  fu",2025-03-05T08:11:47.000,2025-01-12T15:06:28.000
mostlyd1-7b43-4a00-8e6f-88092ae57278,agent_alpha,online,"{'vision': frus,, nnp'  tree  rrassnnig'::tfl,",2025-03-05T08:11:47.000,2025-06-09T10:03:21.000
mostlyab-5ca6-4c4f-baf1-659ab580875c,agent_alpha,_RARE_,"{'vision': false,''npp:  tuu,ereraaniiing::el",2025-03-05T08:11:47.000,2025-03-09T21:28:29.000
mostly83-738c-479b-8f90-9b7d33cefbb8,agent_alpha,_RARE_,"{'vision': fause, nnl'': ruee,''eaasooin': tfulse",2024-08-13T05:39:23.000,2025-04-28T14:20:54.000
mostly44-4dba-4f4d-89b0-5d7487a2f0ef,agent_nlp_core,_RARE_,"{'vision': trlee  'np'': fas'rrsononig':tue,e",2025-03-05T08:11:47.000,2025-06-09T10:03:21.000
mostlycb-b953-4d52-9938-8811a4b1c52d,agent_alpha,_RARE_,{'vision: frlse ''np'  tuese  eaesinng: t e,2025-01-16T02:41:12.000,2025-03-11T05:27:18.000
mostlya6-bac0-43a5-8f32-69d34d6a2bba,agent_alpha,_RARE_,"{'viion' trlse  'll'' trus, 'eaaaooinn:   e",2025-03-05T08:11:47.000,2025-06-09T10:03:21.000
mostly7d-8dac-4408-af9a-7f02b052803f,_RARE_,_RARE_,"{'vision': fals, 'nll'': raue  rreassngg:::ese",2025-03-05T08:11:47.000,2025-06-09T10:03:21.000
mostlye3-879a-41a5-8731-7d8047c66f24,_RARE_,online,"{'vision': fals,  'npp' tues,'rraasoonng'  tues",2024-12-25T08:23:23.000,2025-03-22T14:50:21.000
mostlyb6-613a-465f-a7a1-a7ff9d00510e,agent_vision_01,_RARE_,"{'vision': falee  nnp'':traes, 'eeesoingg'::tee",2024-10-13T17:22:15.000,2025-01-09T16:44:54.000
mostly6e-ba1c-4144-a01a-160096f921e1,agent_alpha,_RARE_,"{'vision': falee  'llp':fuue,''resssing': t fe,,",2024-07-29T03:40:12.000,2025-06-09T10:03:21.000
mostlya8-ead7-4496-95ca-75dbb871b717,_RARE_,online,"{'vision': tals,, 'nl''  frlse, 'rsanoni:::ae",2025-03-05T08:11:47.000,2025-06-09T10:03:21.000
mostly97-ff8d-4f79-950f-77722c2165ea,agent_nlp_core,_RARE_,"{'visin': faue,  nnpp' fuse rereoonig'':tals",2024-11-05T03:40:11.000,2025-01-09T15:36:54.000
mostlyf3-3216-45ab-bd48-889a3ca1061f,agent_vision_01,online,"{'vision': tal,  nll'': ru,e 'rasooong':' te,,'",2025-03-05T08:11:47.000,2025-06-09T10:03:21.000
mostly12-8658-43c8-9de3-661957523e7d,agent_nlp_core,online,"{'vision': taee, lp'':truu,,' eaaaoinin:'t el",2025-03-05T08:11:47.000,2025-06-09T10:03:21.000
mostlyf2-ce1c-4da1-9369-0a69bf676d54,agent_vision_01,online,"{'vision': frls,, np'':fee 'r'eaonong'' rue e",2024-07-29T09:19:47.000,2025-02-27T10:29:57.000
mostly7b-084a-44e0-9975-a84b2e94ccb9,_RARE_,_RARE_,"{'vision': trlee, 'llp':trus,,rreaonnnn''': e",2024-07-29T03:40:12.000,2025-02-07T15:43:11.000
mostlyfd-9531-4bb0-8f94-6cfa766db6dd,agent_alpha,_RARE_,"{'vsion': frls,, 'llp'  tues ' raeaoonnn:  fe,",2024-07-29T03:40:12.000,2025-02-28T15:12:04.000
mostly76-524d-4d5f-981b-a7fdd6307840,agent_vision_01,_RARE_,"{'viin': tree, nll':: fale,'rersssongn':tf,,'",2024-11-16T07:11:24.000,2025-06-09T10:03:21.000
mostly7c-c577-47a9-8b8d-e9c9c2e192fb,agent_nlp_core,_RARE_,"{vsion': talee,''ll':: tuu,,'''rssooiigg::re",2025-03-05T08:11:47.000,2025-01-07T16:33:59.000
mostly74-c4ff-4db7-90a5-11f15e8c76c9,agent_alpha,_RARE_,"{'vision': talee, nnl': trueee'eessnnni':' te,s",2024-11-29T21:32:41.000,2025-01-23T10:37:21.000
mostlye0-de45-4aab-a51c-b603dc4013b6,_RARE_,online,"{'vision': fruee  'nlp': fre, 'r'eesnonng :rul,'",2024-07-29T03:40:12.000,2025-02-07T15:19:32.000
mostlya7-7225-4045-a8b0-9eb08e9f0aba,agent_alpha,_RARE_,"{'visio': trle,,'nnpp'  frue, reesannni:':rel",2024-08-11T03:31:37.000,2025-06-09T10:03:21.000
mostly8d-0de0-4fe6-a2dd-3f845c8bbf41,agent_alpha,online,"{'vision': fale, 'np'::ttues ,'eaasoinnn:  fal",2025-03-05T08:11:47.000,2025-03-25T12:27:14.000
mostly64-740c-4801-83d5-1ddce4f2c0f4,agent_alpha,_RARE_,"{'visin': taue,, nnl''  rues, 'eaasoiin'g:tr",2024-12-05T03:40:21.000,2025-06-09T10:03:21.000
mostlya7-2937-43d1-a6d1-5307415d3e9b,agent_vision_01,_RARE_,"{'vision': frs, 'nnl'': tuee 'eeoninng':e '",2024-07-29T03:40:12.000,2025-01-29T15:19:46.000
mostly17-1cde-4ff6-a18c-703833156ad7,agent_vision_01,_RARE_,"{'vision': faus,,''np'  rul,,'rreoooigng'  ra,,e",2024-07-29T03:40:12.000,2025-01-29T15:52:03.000
mostlyd4-6098-4b81-8546-a4b32a8cea33,agent_vision_01,_RARE_,"{'vision': tals,, 'nl'': tre, ,'eaesnngn':t,s'",2025-03-05T08:11:47.000,2025-01-30T09:03:55.000
mostlyc6-d9bf-4c42-8712-d10081d217e2,agent_nlp_core,online,"{'vision': faus,''nlp': trls, 'eaasningn' t fes",2025-03-05T08:11:47.000,2025-01-07T18:29:25.000
mostly2e-2d3d-44ac-aade-0aeda90929fc,_RARE_,online,"'vison' fae, 'nnpp:  tres,,''aonnngn':a",2025-03-05T08:11:47.000,2025-04-01T15:37:33.000
mostlybc-27cb-48c6-8ec3-6eb4aa414034,_RARE_,_RARE_,"{'vision': trs, ''n'::trres,,rersoonnng::tele",2024-07-29T03:40:12.000,2025-01-27T13:33:09.000
mostlyb6-8157-496d-8edb-be2848368031,_RARE_,online,"'vision': talee ''nl':: fru,'rasnnnngg:  al",2024-09-11T08:57:40.000,2025-01-18T16:29:43.000
mostly87-3f4d-46c7-9ca1-3c39fa3e40b8,_RARE_,_RARE_,"{'vision': rlee  nnp'':ttalee  reannngn'trfe,",2024-07-29T03:40:12.000,2025-06-09T10:03:21.000
mostly56-32a8-4881-b050-ce07ce4eaeaf,_RARE_,_RARE_,"{vision': frlse, 'nlp': fuue,,rresanningg' ra,,",2025-03-05T08:11:47.000,2025-02-22T11:03:37.000
mostlyd2-c1b4-41e7-a082-7b78414fd6f8,_RARE_,_RARE_,"{'vision': fale,, nlpp:rrue 'eaaonnng'':  u,e",2025-03-05T08:11:47.000,2025-04-14T05:05:30.000
mostly50-9368-4a5e-9b9a-b8274a395427,agent_vision_01,_RARE_,"{'vision' faue,, nlp''  tuus,'r'aeoniingg  re",2025-03-05T08:11:47.000,2025-06-05T16:47:33.000
mostly38-da15-4e7e-92bb-754c705a2255,agent_vision_01,_RARE_,"{'vision': fauee 'nnp':: raes,'rresaningg:::te,",2025-03-05T08:11:47.000,2025-05-02T08:13:49.000
mostly1c-772d-4ecb-968d-a30842cdbf29,_RARE_,_RARE_,"{'vision': trlse, nllp'tfuee,''reeannnig: te,",2025-01-22T21:29:55.000,2025-03-29T07:02:21.000
mostly02-6df2-47e5-8917-21f96e55cac6,_RARE_,online,"{'vision': fale, ''nlp': trlee rrrassonng''tre e",2024-11-29T12:40:26.000,2025-06-07T15:24:57.000
mostlya9-5868-40c3-968f-fe416c561ebf,agent_alpha,online,"{'vision': fale,, nlpp' trrus,'reesosonn'::t rae",2025-03-05T08:11:47.000,2025-02-02T21:14:52.000
mostlyce-e199-4b33-af46-d384f7455dd1,_RARE_,_RARE_,"{'visin': false 'nnp'': rue, r'rasongg'   e",2024-11-24T09:58:35.000,2025-04-02T20:12:28.000
mostlyba-94e4-44ad-a6b6-8dcede782bf9,_RARE_,_RARE_,"'vision': frue,  nnlp  trl, 'r'resnnigg're e",2025-03-05T08:11:47.000,2025-03-09T16:16:33.000
mostly99-ae07-4d8d-b841-085a180698dc,_RARE_,online,"{'vision': frls,, nnlp:  tuee 'reeeasnng': fue,",2024-07-29T03:40:12.000,2025-06-09T10:03:21.000
mostlyba-b286-4caf-b256-d61bd281c894,_RARE_,_RARE_,"{'vision': talse  'npp'  fe,,  reeanoinng:ttuee",2025-03-05T08:11:47.000,2025-06-09T10:03:21.000
mostly33-6b29-4f9a-9100-243402930ca3,agent_nlp_core,_RARE_,"{'vision': frle,, nnlp::tfree,' 'eesoninn:'ttfe,'",2025-03-05T08:11:47.000,2025-04-09T16:56:57.000
mostly75-35e5-4405-9496-47f56ad79a1f,agent_nlp_core,_RARE_,"{'vision': trlse, nnl''  tues,''eaassinig: :ralse",2025-03-05T08:11:47.000,2025-01-09T15:28:36.000
mostly8a-8631-4c12-9a16-ce8376acb98a,agent_alpha,online,"{'vision': fruee, 'np'  rese' eeeosnggg tres",2024-07-29T03:40:12.000,2025-04-25T10:51:52.000
mostly09-2034-45f5-b5e5-e7bb6e576770,agent_vision_01,_RARE_,"{'vison': taus, 'nll'':fre, ''aaoonning : e,'",2025-03-05T08:11:47.000,2025-06-09T10:03:21.000
mostly59-3ade-4c18-b0e1-d8e351f44591,agent_vision_01,_RARE_,"{'vsion: tre,,'nnp'':ttre,e,r'raasiing:'t rues",2024-07-29T03:40:12.000,2025-06-09T10:03:21.000
mostly14-4449-47aa-a335-ef093800b21d,agent_nlp_core,_RARE_,"{'vison': flse,''nl': tuus,,rreaosningg : ue",2024-07-29T03:40:12.000,2025-06-09T10:03:21.000
mostly4a-c0ad-4dce-b4e4-617d213d3f13,agent_vision_01,online,"{'vison': trlse, 'np'': true,' raeonoi'g tra,",2025-03-05T08:11:47.000,2025-01-22T10:44:03.000
mostly86-02b3-4724-a249-b5cf639dc11f,_RARE_,_RARE_,{'vision': frse  'nlp:  rule  ''assinng::ts,2024-12-24T08:12:12.000,2025-03-02T06:24:44.000
mostly93-077b-43fc-a0ad-c0d5a5ecf63e,agent_alpha,_RARE_,"{'visin': fale,,'nnp''  ues  ''eeanninn: :ue '",2024-07-29T03:40:12.000,2025-04-22T11:55:39.000
mostlye4-024f-428f-be19-e2acb91ec1bd,_RARE_,online,"'vision': frue,,''ll'':tfes ' eeasoning:tul,e",2024-07-29T03:40:12.000,2025-06-09T10:03:21.000
mostly0d-4ac9-4cef-8b73-2317df86c8c3,_RARE_,_RARE_,"{'vision': frlee,''ll'': fues, rreaaningg::t e,se",2024-07-29T03:40:12.000,2025-06-09T07:30:11.000
mostly11-df17-43df-8ece-375b7c6dd0b0,_RARE_,online,"{'ision': flee, nl':: ruu,,'reesssong'':  e,,",2025-03-05T08:11:47.000,2025-06-09T10:03:21.000
mostly1d-9cfc-4d57-bef7-2b97d14f3253,_RARE_,_RARE_,"{'vision: trus,  nlp': rree, rerassoinn':tre,,'",2024-07-29T03:40:12.000,2025-02-17T12:06:54.000
mostly84-cc0e-4ad7-90f2-90903a5884a4,agent_vision_01,online,"{'vision: als,,''llp': tr,e''eeassong''' fae",2025-03-05T08:11:47.000,2025-02-28T06:52:44.000
mostly49-e9ed-458f-a909-f805c0a1e9ea,agent_nlp_core,online,"{'vsin': trls, 'nlp'' tule,  eaassnnn': ttae",2024-07-29T03:40:12.000,2025-06-09T10:03:21.000
mostly32-fd96-463d-a48e-3890bff2c9be,_RARE_,_RARE_,"{'vision': ruse 'np':: ful,e''eassoini'::: fl",2024-12-04T02:11:20.000,2025-01-18T15:22:16.000
mostlyf7-d7ae-47a7-a5bf-ebe45adf709c,_RARE_,_RARE_,"{'vision': faus, ''ll'': ruus,,reeaaoong'::: el",2024-09-24T19:40:12.000,2025-01-07T15:12:09.000
mostly57-2a79-4c9c-8d86-91953dd799a6,_RARE_,_RARE_,"{'vision': aus,,''nl' tralse rraassonnn': tres",2024-07-29T03:40:12.000,2025-06-09T10:03:21.000
mostly0e-e2ff-4d99-8ddb-e6d33807543c,_RARE_,_RARE_,"{'ision': frlse,'nlpp::trreee, eeeosiigg:: ,,",2025-03-05T08:11:47.000,2025-03-07T13:55:57.000
mostlydb-7741-481e-a44c-3043ebce45a7,agent_alpha,online,"{'vsion: trlee  'nlp: fru,  'eaesng':: ee,",2025-03-05T08:11:47.000,2025-06-09T10:03:21.000
mostly1c-4e40-4092-a10b-19e470410b05,_RARE_,_RARE_,"{'vision': trlee,''np'':tre 'rrresning:' tf,",2025-01-05T04:47:59.000,2025-04-22T15:47:16.000
mostly49-3e59-461c-bd38-ccf5edd40320,agent_alpha,online,"{'vision': false  nnpp': trle,  rraaoiin'':  ae",2024-07-29T03:40:12.000,2025-05-07T16:33:02.000
mostlye6-3b04-4554-9dcf-175e2f40dae5,agent_alpha,online,"{'vision': frls,, nlp'': tuu,  'reeooing::tu,,",2025-03-05T08:11:47.000,2025-06-09T10:03:21.000
mostlyf7-f9e0-43a7-a204-c309d4704e19,_RARE_,_RARE_,"{'vision': frus,  nlp''  ruus  r'aeonnnng: :tee '",2024-07-29T03:40:12.000,2025-01-17T10:34:13.000
mostly65-aecc-43ea-bd4f-7d6705005b14,_RARE_,_RARE_,"{'vision':frle, ''ll'':tfrl,,'rresonoinn:::tfaes",2025-03-05T08:11:47.000,2025-01-27T04:55:44.000
mostly73-82a1-4561-9131-c083dadbc193,_RARE_,online,"{'viion': frlse  nlp'':trre,e reaassnnnn':te,",2024-11-27T05:53:10.000,2025-06-09T10:03:21.000
mostly5d-fdd9-4762-9cdf-7da2e0e1125f,_RARE_,online,"{'vision': frue, 'nnl': tre,  ''rsonngngttral",2025-01-02T12:57:58.000,2025-01-07T15:15:48.000
mostly10-2ee7-47e5-9129-056535a47a15,agent_vision_01,_RARE_,"{'vsion': frls,, 'llp'  ru 'rerasoinn'g'  '",2024-07-29T03:40:12.000,2025-01-07T15:12:09.000
mostlyf5-8e24-4a00-8c01-d303ac9d1dcc,agent_vision_01,_RARE_,"{'vision': fru,,''np'': rae,  rrraoonnn': t a,s",2024-07-29T03:40:12.000,2025-06-09T10:03:21.000
mostly90-6043-4736-bd10-771720ac6e16,agent_vision_01,_RARE_,"{'vision': tals,,'nllp: faee  reessnig'::re,",2025-03-05T08:11:47.000,2025-06-09T10:03:21.000
mostly58-2f68-46f1-85a6-1181e0a344dd,agent_alpha,_RARE_,"{'vision': ause,''nl'tfre, '''eaosongg::  f,'",2024-07-29T03:40:12.000,2025-03-20T19:41:21.000
mostly5a-1025-486c-9ea3-c94451efb60e,_RARE_,_RARE_,"{'ision': frls,,''np'':tfrl, 'rsooinngg' rl,'",2024-07-29T03:40:12.000,2025-03-08T15:12:09.000
mostly5c-1a0a-4c28-83b4-9ed817fbae8f,_RARE_,_RARE_,"{'vision': tauee, 'nlp::tree 'eaaanoig''tre,s'",2025-03-05T08:11:47.000,2025-05-06T21:44:23.000
mostly81-4926-4d8d-bd30-97aa5aab6948,agent_nlp_core,_RARE_,"{'vision': false ''npp:  ruue,' ernnnng'  fuse",2025-03-05T08:11:47.000,2025-01-17T08:12:21.000
mostly90-104f-4ac4-9640-2ff250a19e23,agent_vision_01,_RARE_,"{'vision': false, 'll': free ''eeaasingn':: uese",2024-07-29T03:40:12.000,2025-06-09T10:03:21.000
mostly62-4478-477f-ada9-ae473d4faad7,_RARE_,_RARE_,"{'vision': truee, nlp'::rlse 'eessnini'g:: ree",2024-07-29T03:40:12.000,2025-01-07T15:39:50.000
mostlyfb-fbd3-47d1-a590-5d1580b1353b,agent_alpha,_RARE_,"{'vision': alse  'nl':true,,,reeaosnng': t as",2024-12-20T08:40:12.000,2025-02-26T13:54:40.000
mostlyfc-611d-4c88-8aab-2539d2c34ca8,agent_vision_01,online,"{'vsion': tale,, 'nlp' tfrue, eaaosoing:: tfe",2025-03-05T08:11:47.000,2025-06-09T10:03:21.000
mostly96-a5c5-4d1c-aac2-132a86b2b361,agent_vision_01,_RARE_,"{'vision': trlse  'nl'::trre,e  rrsssoinn t ee",2024-07-29T03:40:12.000,2025-01-07T20:45:45.000
mostly32-c000-4002-951d-40e4b397984a,agent_nlp_core,online,"{'vision': fals,,'nnpp'  fuee, 'reaononnng :f,",2024-07-29T03:40:12.000,2025-06-09T10:03:21.000
mostly9c-6721-4393-8a4c-3f5e0aa35a2f,_RARE_,_RARE_,"{'vision': fauee  nllp:  rese,r'rsooonng::: ,",2025-03-05T08:11:47.000,2025-06-09T10:03:21.000
mostly90-e9de-45f5-a22d-12576feea652,_RARE_,online,"{'vision': talee  nnlp'  tl,e rerasonnin: : a,",2025-03-05T08:11:47.000,2025-06-09T10:03:21.000
mostlyef-b9fd-49aa-9c0d-3f1befc71f98,_RARE_,_RARE_,"{'viion': taue,''nl''  fuue, reeaaninn'':t,",2025-03-05T08:11:47.000,2025-03-10T16:30:09.000
mostlyb0-3938-4572-8ca0-f110b9736057,agent_vision_01,_RARE_,"{'vision': trls,  nnp''  ruee 'r'resnonn'g  rl",2024-07-29T03:40:12.000,2025-06-04T08:41:54.000
mostlyd4-ff8b-46d0-b7be-2cc0c40fe15c,agent_vision_01,_RARE_,"{'vision': trlee, nllp': rree,' reaosinin:':tfue",2024-07-29T03:40:12.000,2025-06-02T15:55:59.000
mostly38-1b6a-4641-866f-6e38ca6a1d2c,_RARE_,_RARE_,"{'vision': tals,, llp': rae,e  eeasnnngng: fl,",2024-07-29T03:40:12.000,2025-05-09T05:37:35.000
mostly01-b55c-4c1c-b34a-6967f150a98f,agent_vision_01,_RARE_,"{'vision': talse,''npp'  rrue   rrsonngg::tful,",2025-02-20T05:40:15.000,2025-01-07T15:12:09.000
mostly8d-9bde-4359-8807-6dea4ef691b0,agent_alpha,online,"{'vision': falee,'nnl'': tu, ''reasooigg:'aee",2024-07-29T03:40:12.000,2025-06-09T10:03:21.000
mostly9b-ecc8-4061-977b-1ac2280e79b4,_RARE_,_RARE_,"{'vision': frlse, nl'::truu,,  asssning' trfe,s'",2025-03-05T08:11:47.000,2025-02-28T15:06:21.000
mostly44-0617-47ca-86d6-faa0096a8261,agent_alpha,_RARE_,"{'vision': fale,,''lpp:  tuu,e,reaeaooigng': fa,",2024-07-29T03:40:12.000,2025-04-03T10:28:21.000
mostlyba-c116-4104-ba31-fd1679e21415,_RARE_,_RARE_,"{'vision': tauee,''llp: ruus, ''aasonnnn': rel",2025-03-05T08:11:47.000,2025-01-20T11:54:46.000
mostly52-098f-4937-8a5e-832a46e5ea0d,agent_nlp_core,_RARE_,"{'visin': ale,  'lpp' ttaus  'eaaaninn::t fe,",2025-03-05T08:11:47.000,2025-06-09T10:03:21.000
mostly54-eacb-4546-9c1e-4050e1d6595c,_RARE_,_RARE_,"{'visio': trlee  'llp'  trlse raaasnigt f,e",2025-03-03T05:05:24.000,2025-06-08T20:12:01.000
mostly0e-2115-4b09-9d72-714bdc953b30,_RARE_,_RARE_,"{'visio': trle,, 'll':: fuu,,'reeasnnng''  fe,",2025-03-05T08:11:47.000,2025-01-09T19:28:21.000
mostly95-d6c0-4f13-83a2-8884f09ca298,_RARE_,online,"{'vision': tae, ''nl''  true  eeononggg  f '",2025-03-05T08:11:47.000,2025-01-09T15:24:23.000
mostlyd7-b450-4876-8b84-0a44e612591f,agent_vision_01,online,"{'vision': taus,,''nl'': trlee''resonnngng:ta,",2024-08-12T03:20:52.000,2025-06-09T10:03:21.000
mostly35-513b-4873-a883-d0f338af9b75,agent_nlp_core,_RARE_,"{'vision': ale,,'nlp': rulse''rasoonnggg t rel,'",2024-07-29T03:40:12.000,2025-05-23T15:28:04.000
mostly42-0331-4509-ae2c-b235a212503e,agent_vision_01,online,"{'viion': tals,  'npp:  fre, rraasnng':: rre,",2024-07-29T03:40:12.000,2025-06-09T10:03:21.000
mostlyc4-5ad1-492f-a19f-ec08c45e5527,agent_vision_01,online,"{'visio: talee, lp':: ralse''essoing'g::rul '",2025-01-24T22:40:55.000,2025-06-03T19:45:12.000
mostlyc8-3f9c-4493-a0ac-d4796b77cffd,_RARE_,online,"{'vision': faus,, 'lpp: tree,, eeeosonn'::ttfel,",2024-07-29T03:40:12.000,2025-06-09T10:03:21.000
mostlyaa-7d0d-4f1d-abb5-3b3724c57ab9,_RARE_,online,"{visio': trlee 'nll':: tu,e,reesssni': tae '",2024-09-29T08:11:35.000,2025-06-09T10:03:21.000
mostly6a-e68f-4d84-95f0-7537de411327,agent_alpha,_RARE_,"{'vision': fauee, nnpp': fuuse'''aaaonigg::te",2024-10-17T03:41:06.000,2025-06-09T10:03:21.000
mostlyd3-f62e-45eb-9f25-293524536b06,_RARE_,online,"{'vision': faue,  nnl'': ruus 'reraaonnng   ,'",2024-07-29T15:11:39.000,2025-06-09T10:03:21.000
mostlye8-28ca-439f-a65b-3fef03b53f65,agent_vision_01,_RARE_,"{'vision': frlee  'nlp'  frue, rrrasonnnn'tr, e",2025-03-05T08:11:47.000,2025-05-07T15:42:40.000
mostly91-c4a1-4655-81a9-579e1fecf4ed,_RARE_,_RARE_,"{'vision': faus, ''lp'': fuue,  eaaaonin''  ul,",2025-02-28T06:36:17.000,2025-02-22T15:27:51.000
mostlyf9-f860-4ae9-83c9-3b4701f23cb5,_RARE_,_RARE_,"{'vision': fals, ''ll'::ttuee   'asssinnn:   ue",2025-03-05T08:11:47.000,2025-06-09T10:03:21.000
mostlya6-1e95-45a7-9fcc-dab88d040559,agent_vision_01,_RARE_,"{'viion': fause, nlpp: true,e 'raononn'g::fu, e",2025-03-05T08:11:47.000,2025-06-09T10:03:21.000
mostly0c-749c-43ed-9903-91cae5d970fc,agent_vision_01,_RARE_,"{'vision': ale,, 'nl': ttauee''raaoonnigg tfe,s",2024-07-29T03:40:12.000,2025-03-25T14:12:03.000
mostly39-af34-475a-89cd-8e99ea6fd1f4,_RARE_,online,"{'vision' trle,, 'nl':  fre,, ''aeaoiing: :fue,'",2024-07-29T03:40:12.000,2025-06-09T10:03:21.000
mostlyf2-fca2-4c85-b8b9-36c1c3e5a4ce,agent_vision_01,online,"'vision': frus, 'nnlp'  trl,e rraaonoiig:  rre",2024-07-29T03:40:12.000,2025-01-07T20:53:01.000
mostlyb4-e645-41a9-be19-89bbf404b4fc,agent_nlp_core,_RARE_,"{'ision': frlee, nnp'::tre,,'rerassnnnn:   ee",2025-03-05T08:11:47.000,2025-06-09T10:03:21.000
mostly84-8bd8-40e6-823f-7a3ded62e1be,agent_alpha,_RARE_,"{'vision': fause, 'llp:: ruee,reessoiing:'tfa,,",2024-07-29T03:40:12.000,2025-06-09T10:03:21.000
mostly18-ad7a-436d-b067-3f0a83e0f07b,_RARE_,_RARE_,"{'vision': frlse,'npp' ttuuse reeeosongg':ttfe",2024-07-29T03:40:12.000,2025-01-09T16:35:01.000
mostly3a-a7a0-4371-bdaa-6fbc918db140,_RARE_,_RARE_,"{'vision': tals, 'lpp': rr,,''raasnnngg:tf,,e",2025-03-05T08:11:47.000,2025-06-09T10:03:21.000
mostly4c-697b-478d-823a-7422e166e8c8,agent_nlp_core,online,"{'vision': tals,  nlpp: truee,  erooinnn:  es",2024-07-29T03:40:12.000,2025-06-09T10:03:21.000
mostlyc1-26b6-4d2a-aa51-39f4cffd62c4,agent_vision_01,online,"{'vision': trlse, nnp''  frl, ' easssoii'':trfe,s",2024-07-29T03:40:12.000,2025-04-20T13:40:06.000
mostly35-40e0-4cc1-91ca-cb574a8569b9,agent_nlp_core,_RARE_,"{'visio': frls,,'lpp:  rues,'rresaniigg:: ra,e",2024-07-29T03:40:12.000,2025-05-05T16:29:57.000
mostlyec-19f5-4f26-9acc-d9fe438b70d5,_RARE_,_RARE_,"{'vision': trlse, nlpp':ttau,,  raeannign::t el e",2025-01-14T05:51:47.000,2025-06-09T10:03:21.000
mostly5f-b77b-45c6-80af-ba74b2ada4df,_RARE_,_RARE_,"{'vison': fale 'nlp'': trese, erasninng:: ra e",2024-09-05T19:46:40.000,2025-02-01T13:12:09.000
mostly8d-60d0-4eb6-b4da-da077900e0d5,agent_vision_01,online,"{'vision': fale, np': ruls, reeassongg'  fae,",2025-03-05T08:11:47.000,2025-01-07T15:21:01.000
mostly62-e1c9-46eb-ba88-810c9e6751b3,agent_alpha,_RARE_,"{'vision': talse, nll':: rals 'rerasngg::trues",2024-11-05T10:22:55.000,2025-06-09T10:03:21.000
mostly10-42f7-42b6-85b8-e58b48f1e851,_RARE_,_RARE_,"{'vision': false, 'np'':ttese 'rssoiingg:ttr,se",2024-07-29T03:40:12.000,2025-01-16T16:10:31.000
mostly78-c1e7-4c31-bd84-081d334fe904,agent_alpha,online,"{'vision: frus,,nnpp':tfae,e'r'eesninng':ttfl '",2025-03-05T08:11:47.000,2025-05-19T15:09:58.000
mostlyf5-712d-49dd-8f2c-bfbbbc8dcf92,_RARE_,online,"{'vision': truee, nnlp': tl,, ''assnning   ls'",2024-07-29T03:40:12.000,2025-04-17T21:40:27.000
mostlyc6-b846-4ab8-9880-8de1eab75c00,agent_nlp_core,_RARE_,"{'vision': tals,,'nnp'':r,e, eaanoin'g't el",2024-10-29T07:40:50.000,2025-03-12T13:03:12.000
mostly3a-f2a7-4dfd-8bd9-83ba880dcb60,agent_vision_01,_RARE_,"{'vision': taue,''llp':ttuu,e'''aaaoinn':: u,,'",2025-03-05T08:11:47.000,2025-05-30T20:46:14.000
mostlyc7-3f38-4252-b92f-fdfa9243f4ee,agent_nlp_core,_RARE_,"{'ision': faus,,'nnpp': ru, rerssniigg: tre'",2025-03-05T08:11:47.000,2025-01-28T15:20:19.000
mostly40-9e45-49cb-93aa-205af6c4a89c,_RARE_,online,"{'vision': trlse  'nl': trale,''eressnngg::: re",2024-07-29T03:40:12.000,2025-01-09T15:26:18.000
mostly14-0ba7-4f8a-ab3a-b150ac3194f0,agent_vision_01,_RARE_,"{'vision': fale,,''nlp:: rle  reeasonig'g :tful,'",2024-12-09T07:48:11.000,2025-03-19T10:38:49.000
mostlyf7-c956-4a9f-bc81-15c758b8f751,agent_vision_01,online,"{'vision': false,''ll'' truus ,'eraonnng:tue",2024-07-29T03:40:12.000,2025-06-09T10:03:21.000
mostly29-2878-49a4-af77-f688e34cf399,agent_vision_01,_RARE_,"{'vision' false 'nlp':: ruus, reesssini'g:: ul",2024-07-29T03:40:12.000,2025-04-19T18:25:51.000
mostlyaf-2aef-4ea6-9ad7-cf282d64da9c,agent_vision_01,online,"{'vision': faus,, 'npp:: rus ,rreasnonig::  fese",2024-12-02T03:52:10.000,2025-03-09T10:12:01.000
mostlydd-6b1f-4cab-b68c-5f7f03b1a953,agent_vision_01,_RARE_,"{'vision': tle,, l':: rree   eeeasnign: tre,",2024-07-29T03:40:12.000,2025-04-21T15:03:09.000
mostly9e-54e1-4bd9-90d3-ebfcbf72da86,agent_alpha,_RARE_,"{'vision': truee  'nlp' trese, eesooiiig' t ee'",2025-03-05T08:11:47.000,2025-06-09T10:03:21.000
mostly35-ee76-41eb-b12a-501e587bb989,_RARE_,_RARE_,"{'vision': trlee, 'l'':truee,,rrresongg:: tre,",2025-03-05T06:21:47.000,2025-06-09T10:03:21.000
mostly7c-7340-4599-85a3-b6f8fbc5e850,agent_vision_01,online,"{'ision: falee ''npp  ruse''eaasoinng:: rue,'",2024-09-16T15:05:52.000,2025-01-15T15:19:09.000
mostlyd4-29ad-4a4b-9149-53c7b7994cc3,_RARE_,_RARE_,"{'viion': falee 'nllp:  fue, ''eessonnngg' rral e",2024-07-29T03:40:12.000,2025-04-10T15:13:04.000
mostlye3-201c-47cc-9531-d3de623b058b,_RARE_,_RARE_,"{'vision': frus,,''npp:: fee,'rreaoningg:':rfs",2024-07-29T03:40:12.000,2025-01-13T18:02:09.000
mostlyce-f380-4f8f-aeb3-80ea45690457,agent_alpha,online,"{'visin': trlse ''npp' tul,,  'rasninn'::rul,e",2024-08-03T03:49:44.000,2025-06-09T10:03:21.000
mostly2a-bae7-404b-b202-2d76578c6951,agent_nlp_core,online,"{'ision': trus,, 'nlp'  tee 'reaassnnng: tre,",2024-07-29T03:40:12.000,2025-03-04T09:02:56.000
mostlyf3-7f7d-4d78-b79e-14eff57bf99b,_RARE_,_RARE_,"{'vsion': trlee,'np':  tuus 'reaesniin'g t al",2025-03-05T08:11:47.000,2025-01-14T16:14:37.000
mostlya2-3a6e-4b13-be92-d563fd59ee5a,agent_vision_01,online,"{'vision': faue,, 'nlp' true,,'raasoig':  u, e",2025-03-05T08:11:47.000,2025-06-09T09:06:02.000
mostly89-54a9-4496-b585-164928f7b1c3,agent_vision_01,_RARE_,"{'vision': faus, 'npp: faes,  'eaosnnig' : e",2024-08-22T06:11:06.000,2025-02-28T16:17:21.000
mostly59-01a7-47c8-9b6a-f62bb182697a,_RARE_,online,"{'vsion': frls,,'nnlp:: ral, 'rraaooon':'tre '",2024-07-29T03:40:12.000,2025-06-09T10:03:21.000
mostly08-10e9-4dbc-b485-3867d0bc2959,agent_vision_01,online,"{'vision': tae,, nnpp'  rus,,rreasnniin::ttae",2024-07-29T03:40:12.000,2025-01-07T15:39:32.000
mostly1e-2ef8-4baa-b347-2245fdf5f9ae,_RARE_,_RARE_,"{'vision': taus,, nnlp::te, ,r'rsasnngn'': ru, e",2025-02-16T08:24:08.000,2025-02-17T20:19:23.000
mostly84-a678-44f2-b26c-fdd2f4d06b88,agent_vision_01,_RARE_,"{'vision': frlee,nll':  fuese' eeesiing:'tfe,",2024-08-29T04:14:39.000,2025-01-16T10:31:19.000
mostlyc1-2a34-4f29-a75d-b5cb8d8ace13,agent_vision_01,_RARE_,"{'ision': talee, nnp''  tl,,,r'asnnnn':  rees",2024-07-29T03:40:12.000,2025-06-09T10:03:21.000
mostly23-fee5-47d9-8886-b0fedccfad66,agent_vision_01,_RARE_,"{'vision': frue, nnlp:: tres   eaaonngg'' e",2024-11-23T08:06:46.000,2025-04-13T12:12:03.000
mostly65-f202-4e81-827a-bc0f39098840,agent_vision_01,online,"{'vion': trls,  'll':  tre,  eeaoonnnng: fee,",2024-07-29T03:40:12.000,2025-06-09T10:03:21.000
mostly28-0c2f-419c-adc0-cafd266fcf00,_RARE_,_RARE_,"{'vision': talse'nnlp'ttr,  'rasanni'g' e, e",2025-03-05T08:11:47.000,2025-01-07T15:12:09.000
mostly54-a0dd-47ef-8f0f-6de8f979305d,_RARE_,_RARE_,"{'visio': frus  'npp:: fuus, rreeaniign: re",2024-07-29T03:40:12.000,2025-04-03T12:12:21.000
mostly87-55ae-4bdd-aaa7-ee39b2085853,_RARE_,_RARE_,"{'vision': faus, 'nnp':  free ''rasanniin': ra,e",2024-11-21T15:07:33.000,2025-06-09T10:03:21.000
mostly77-b164-410c-ba3e-94da5ff5812e,_RARE_,online,"{'vision': frue,,''np': tfal,,''resnning:   r,s",2024-07-29T03:40:12.000,2025-06-09T10:03:21.000
mostly01-8021-4e8a-af26-8f76d80753ac,_RARE_,_RARE_,"{'vision': fals,, npp:  tree,rraaasnig'g : ee e",2025-01-06T05:11:56.000,2025-01-28T15:53:22.000
mostly1c-3480-406a-b6ae-7ec56ac67b9b,_RARE_,_RARE_,"{'vision': truee''ll': tues, 'raesonnng''trl",2024-07-29T03:40:12.000,2025-03-28T08:42:43.000
mostly27-30bf-4f38-848b-3487c8f578aa,_RARE_,online,"{'vision: faue, ''nlp': rues, ''aesninnn:: re,,e",2024-07-29T03:40:12.000,2025-06-09T10:03:21.000
mostlyfa-1e54-44e4-a1d2-6560ab5649e0,_RARE_,_RARE_,"{'vision': talse  'lpp':ttrl,,rrrsaongng tal",2024-08-11T08:58:13.000,2025-06-09T10:03:21.000
mostly8b-bc45-4ee6-b44f-87b7c8a642ad,agent_alpha,_RARE_,"{ision': true,,'nnp':: u,  reassoign': rr'",2024-07-29T03:40:12.000,2025-06-09T10:03:21.000
mostly98-4d3f-4c0a-a917-f41db4dec5f0,agent_nlp_core,_RARE_,"{'vision': tause, 'nlp: ttue,ereaesoiin'g::rres",2024-07-29T03:40:12.000,2025-01-25T06:03:12.000
mostly3e-5038-47c8-9948-c25781475c47,agent_alpha,_RARE_,"{'visin':taue,  ll'::tfuu,e,'eeaaoonnn'': ue",2025-03-05T08:11:47.000,2025-01-07T15:12:09.000
mostlyd0-714c-4ceb-a79a-b5d3b70680fe,agent_alpha,_RARE_,"{'vision': frue  nllp':ttree, 'rraasoing::tu,e",2024-07-29T03:40:12.000,2025-05-02T18:42:11.000
mostly60-31f7-4e3f-adbb-adf70e90ebdb,_RARE_,online,"{'viion': trlee,''np'': e,,'reeooiig''::rae",2024-07-29T03:40:12.000,2025-05-17T14:25:03.000
mostly51-1828-40b9-938b-2c7834062517,_RARE_,_RARE_,{'vision':falee  'l'' frls ' eesaoing'' fae,2024-07-29T03:40:12.000,2025-05-28T15:08:32.000
mostly6c-ef72-471c-b7a9-9aa45e9fc83c,agent_alpha,_RARE_,"{'vision: trlee  'npp: taese'eaassnnig'' te,",2024-11-25T05:40:16.000,2025-01-28T15:11:49.000
mostly1a-5b78-4f46-a763-5d113c799010,_RARE_,_RARE_,"'vision': faus,, 'nlp: ttue,,  rassniin'g'tuls",2025-03-05T08:11:47.000,2025-06-09T10:03:21.000
mostlyd4-80b3-4dff-9054-665e90c0d42f,agent_vision_01,online,"{'vision': frls, 'nnl  ruuee''rassnnnin tr,,",2024-11-26T07:51:11.000,2025-01-07T15:12:09.000
mostly6d-fbc7-460f-bf97-bc071ac30314,_RARE_,online,"{'vision': frlee,''npp: fu,  'eesosinggg: re,",2024-12-27T04:55:08.000,2025-06-01T19:37:39.000
mostly0d-87e7-4771-9731-a025faeaae83,_RARE_,_RARE_,"{'vision': frle,''np':  tule ''rrasnnig:  rae '",2025-03-05T08:11:47.000,2025-02-09T15:23:54.000
mostly68-6245-443f-bfdd-ddba22e241e4,_RARE_,_RARE_,"{'vision': tale,, nnpp:ttale,  eaesoonggg:rel,",2024-07-29T03:40:12.000,2025-06-09T10:03:21.000
mostly6b-4528-4f2f-9902-9476646bddf1,_RARE_,_RARE_,"{'vision': frlee ''npp'  ful, 'reeaannin': :e,",2025-03-05T08:11:47.000,2025-03-30T09:44:07.000
mostly36-4edd-47cd-8855-c9bc04110df4,agent_alpha,online,"vision': false  'np':  tue 'rressnnii':  rfe,",2025-03-05T08:11:47.000,2025-06-09T10:03:21.000
mostly7e-e86c-43d6-adf4-6cf72ca803ef,agent_vision_01,_RARE_,"{'vision': frls,  'lp'::ttuue ,rraanoin''::rfu",2024-07-29T03:40:12.000,2025-01-08T10:41:43.000
mostlyad-fc92-4118-82bc-e64b37f03132,agent_vision_01,online,"{'vision': tauee,nnpp: tte, ' 'rasnoing':tral,",2025-03-05T08:11:47.000,2025-01-07T15:12:09.000
mostlyc3-1ab6-4cf8-adec-b546471e5c8d,agent_vision_01,online,"{'vision': faus,, 'nlp:: ruue  'eeeannn'': rre",2025-03-05T08:11:47.000,2025-01-28T10:12:22.000
mostlye3-342e-4123-9953-18ca609d4521,_RARE_,_RARE_,"{'vision': frls,, 'nlp'  tre 'reeaanong'::ttae",2024-07-29T03:40:12.000,2025-04-28T10:47:43.000
mostlyde-05cc-4c36-b7b6-f16e50b5d881,agent_alpha,_RARE_,"{'vision': taue,, nnp'  raus '''aeaoing'g't fe",2024-08-03T14:22:35.000,2025-06-09T10:03:21.000
mostly6f-eb5c-4bb9-8eed-6cecfe961192,agent_nlp_core,_RARE_,"{'vision': taus,  'llp': rrus ''reaoninnn::ul e",2025-03-05T08:11:47.000,2025-06-09T10:03:21.000
mostlyb2-541e-470e-9022-aa230a30ee84,agent_nlp_core,_RARE_,"{vision':fale,, nll':: rule ''eeesniiggg: rel,",2025-03-05T08:11:47.000,2025-02-17T21:19:43.000
mostlyde-7b9e-4868-83c2-8cab14ff3832,agent_vision_01,_RARE_,"{'vision': frue,,nlp''  fau,,,reesonnnnng :rrue,",2024-07-29T03:40:12.000,2025-06-09T10:03:21.000
mostly4f-c4f1-463d-8671-a05cf8b33e77,_RARE_,_RARE_,"{'vision': talee 'nnl'': rule,,reeaonnni'''tr,s",2025-03-05T08:11:47.000,2025-06-09T10:03:21.000
mostly5c-52a0-442b-b815-10d405bc734a,agent_vision_01,_RARE_,"{'visio': faus,, nnlp': free  'raaasinnn'ttru,",2025-03-05T08:11:47.000,2025-06-09T05:49:52.000
mostly5f-e35a-46ca-a358-a951cf2b7d04,agent_vision_01,_RARE_,{'vision': fruee ''nlp:  taee''erssoonng: trrues,2024-07-29T03:40:12.000,2025-02-19T21:06:21.000
mostly33-8c54-473a-9425-b809080aa7b5,_RARE_,online,{'vision': frle  nllp:  fuuse 'eaasninin'  ta,2025-03-05T08:11:47.000,2025-02-28T15:45:48.000
mostlyce-bbbb-4843-a5fc-46af56e4c0c1,agent_vision_01,online,"{'vision': trlse, nllp:  rre,  reasaonng'::t r,,",2024-07-29T03:40:12.000,2025-03-10T11:39:41.000
mostly37-9396-42ad-b10c-4ebcfd76f10a,_RARE_,online,"{'visin': frls,''n':  rrese reaesooni':: ree",2024-12-21T03:45:20.000,2025-06-09T10:03:21.000
mostly84-1d99-4346-bb5b-8310515c431c,_RARE_,_RARE_,"{'vison': fause, 'nlp':trus 'rrraaningg:'r, e",2024-12-29T08:57:22.000,2025-01-07T15:12:09.000
mostlyec-425b-43ff-9e68-8f2bc5af6657,agent_nlp_core,_RARE_,"{'visio': frlee,'nnp':ttues   eeesniiig:' re e",2025-03-05T08:11:47.000,2025-06-09T10:03:21.000
mostlyfe-5487-44dd-b424-54e069f5fed8,_RARE_,_RARE_,"{'vision': rlse, 'lpp'  rre, 'eresnin'g  le",2024-09-13T03:52:52.000,2025-01-19T07:27:09.000
mostly7c-fc45-4fca-b7a1-da04c38291a9,agent_vision_01,online,"{'vision': frls,,''llp'  ruls, 'resaniin'::ttfu,",2024-07-29T03:40:12.000,2025-03-03T13:53:03.000
mostlyea-df75-4ef6-ac9e-a7cad672f3c3,_RARE_,online,"{'vsion': faee,'np': frus, 'rassiing'  r",2024-07-29T03:40:12.000,2025-06-09T04:03:30.000
mostly12-0eaa-4986-bff9-2feddca7de0c,agent_nlp_core,_RARE_,"{'visin': tae,,'nnlp::tree,'rersasingn:: rl",2025-03-05T08:11:47.000,2025-01-10T16:44:57.000
mostlyc7-443f-4622-8116-b8afca30213f,_RARE_,_RARE_,"{'vision': fauee  'lpp': tes,,raaonngn'  a,,",2025-03-05T08:11:47.000,2025-06-09T10:03:21.000
mostly2a-ca84-4335-9cda-92dc377de5f2,agent_vision_01,online,{'vision': trlse nlpp'  rrlse reaasnnngn: trrl e,2024-07-29T03:40:12.000,2025-06-09T10:03:21.000
mostly3e-8a2e-461f-ad86-deac04ce994d,_RARE_,online,"{'visio': fauee, 'npp:: frese'rerssoonnn::: ees",2024-07-29T03:40:12.000,2025-03-28T15:09:28.000
mostlyb6-adfd-4eba-a602-db6834cc07fb,_RARE_,_RARE_,"{'vision: trlse, 'llp::ttule,''rsannnng:'rel,'",2025-03-05T08:11:47.000,2025-06-07T12:29:13.000
mostlya2-fdf3-43cb-b747-158bd88712ed,_RARE_,_RARE_,"{'vision': frlee,''nlp':tfruse'rerasonnig:' rls",2024-07-29T03:40:12.000,2025-03-15T15:48:42.000
mostly7d-5c71-42f1-9a88-d5bb84e6d810,agent_alpha,online,"{'ision': frlee  nnpp:  rues, 'eaaannig'::e,",2024-07-29T03:40:12.000,2025-03-07T15:07:23.000
mostly15-c29b-4b3a-9531-1b8bbffd7df2,agent_vision_01,online,"{'vision': talse,'npp': fue,, 'eeassoing:: r,",2024-12-29T03:05:11.000,2025-05-11T18:02:54.000
mostlyb8-8a5c-43b2-abb5-b9adafaa286a,agent_nlp_core,_RARE_,"{'vision': fauee,'nnlp:  ues,,reaasnoii'::t e,",2025-03-03T10:15:12.000,2025-01-15T15:39:54.000
mostly1a-f742-43cd-aeb6-61d2a0d1d321,_RARE_,online,"{'vision': tals,  nlp'': fre,,'r'rassnnnn:':tfes",2024-07-29T03:40:12.000,2025-02-20T10:50:01.000
mostlya4-ea68-43e2-a5e9-8fa03e897d4f,agent_nlp_core,_RARE_,"{'vision': frlse, 'npp':ttal,,'rresnoing':: ree e",2024-07-29T03:40:12.000,2025-05-09T09:06:44.000
mostly46-5225-41b3-8c1a-29e96d2602ff,agent_nlp_core,_RARE_,"{'vision: fals,, 'npp'  tuu,, 'rrasnonn'g  rfls",2024-08-13T21:54:40.000,2025-01-14T15:29:21.000
mostlyaa-7552-4e5d-ba16-8d6423e09716,agent_alpha,_RARE_,"{'vision': tal, ''llp'  tueee'reaassoiggg  u",2025-03-05T08:11:47.000,2025-06-09T10:03:21.000
mostlyc9-123f-4635-9bc6-cf8d384c5bf0,_RARE_,_RARE_,"{'vision': tue,, nllp::trals ,reaesnni': :tae'",2025-03-05T08:11:47.000,2025-06-09T10:03:21.000
mostly71-4d94-441f-87c8-e0d5336ffd58,agent_alpha,online,"{'vision': faus, nnlp:  trls,''eaasoinig::  fa '",2024-07-29T03:40:12.000,2025-06-09T10:03:21.000
mostlyce-331d-43b5-a3d6-75d39cb48ed0,agent_nlp_core,online,"{'vison': frue,  nnlp: ttae,e rreasning: rfue",2025-03-05T08:11:47.000,2025-06-09T10:03:21.000
mostly7a-1a00-4b6b-bd70-db466817c9fc,agent_alpha,_RARE_,"{'vision': frls,, 'npp:  frus,'rreeonign: te",2025-03-05T08:11:47.000,2025-01-09T15:45:09.000
mostly58-8e35-4670-b789-5f0e1a232f7f,agent_alpha,_RARE_,"{'ision': frle  nnpp': fuuse'rersssoin':   a,",2024-07-29T03:40:12.000,2025-01-10T15:23:24.000
mostly8b-bf75-4464-9106-231d2f47ac17,_RARE_,_RARE_,"{'vision':false, llp'  ule,''eesannngg' tfe",2024-07-29T03:40:12.000,2025-02-16T15:22:26.000
mostly23-892d-4067-911a-16a0804487ee,_RARE_,_RARE_,"{'vision': falee 'nlp'': rus, eeasoinig:  al",2024-09-15T08:29:56.000,2025-06-09T10:03:21.000
mostly27-5470-4a8a-a1f3-3b1b2685f107,_RARE_,_RARE_,"{vision': false  'npp:  rruse'reassinn':  rfe,e",2024-12-29T10:40:47.000,2025-05-18T15:19:21.000
mostly24-eec7-4d6c-8fce-e69fe6a1bb43,agent_nlp_core,_RARE_,"{'vision': tae, 'nl':  fulse'reasnonig:::trels'",2024-07-29T03:40:12.000,2025-06-09T10:03:21.000
mostly5d-06e8-46fa-934c-290ce34aac44,agent_alpha,online,"{'vision': tauee, 'nlp': rrl,,rrraonnnn''t a,,",2024-07-29T03:40:12.000,2025-06-09T10:03:21.000
mostlydb-8fcf-499f-b64d-e8b887310a03,agent_alpha,_RARE_,"{'visio': falee,''np'':ttaes,'eeasongn''te,'",2024-11-29T07:12:36.000,2025-06-09T10:03:21.000
mostly35-be12-43d2-a0b4-62bdf26fd697,agent_vision_01,online,"{'vision': fruee, 'lp':  ru,, rraaonongng:rel",2024-10-05T08:14:09.000,2025-04-11T10:12:31.000
mostly7c-8636-4349-a0e0-533535fcf73d,agent_nlp_core,online,"{'vision: frle,, nnpp'  fuu,e rrrsssiin''':a, '",2025-03-05T08:11:47.000,2025-06-07T21:19:20.000
mostly47-7f1d-4717-81e1-eab2a888e33a,agent_nlp_core,online,"{'vision': fauee 'nn'': raeee,''raniign:: ra",2024-07-29T03:40:12.000,2025-06-02T16:37:19.000
mostlybb-bad3-48ee-a05e-2d6cd1ec1118,agent_alpha,_RARE_,"{'vision': truse  nnl':  rue ,'raaanoing: trf,",2024-07-29T03:40:12.000,2025-06-09T10:03:21.000
mostly34-0f54-490b-b570-c4319dbb9433,_RARE_,online,"{'vision': tale,'nnpp'  ruu,e'rereosinng: tte,,e",2025-03-05T08:11:47.000,2025-01-22T14:12:50.000
mostly1d-f63b-4ffd-a6ef-722df2266540,agent_alpha,_RARE_,"{'vision': tale,  nllp'  frus,''resnoing' ttrue",2024-07-29T03:40:12.000,2025-06-09T10:03:21.000
mostlyc7-2330-4454-932a-2aae146069f1,agent_nlp_core,_RARE_,"{'vision': tals, ''npp' tauee' easoonigg:::ue",2024-07-29T05:49:28.000,2025-01-23T16:03:44.000
mostlya0-5c4c-48f1-a2ab-e838bfb3e32f,agent_vision_01,online,"{'vision': true,, nnlp::ttaese rresonoinn':t e,",2024-07-29T03:40:12.000,2025-03-07T20:34:02.000
mostlya8-598c-4124-864f-b76e21064e14,_RARE_,_RARE_,"{'vsin': tale,,''np'': tuee, eeaonongn': tee e",2024-07-29T03:40:12.000,2025-01-07T15:12:09.000
mostlya5-574d-4ca4-b748-a4e17b6088b2,_RARE_,online,"{'visin: rls,  'lp'':ttreee,'eaaannng: ttre,'",2025-03-05T08:11:47.000,2025-06-09T10:03:21.000
mostlyc9-c741-4855-9e15-371edcffaa3f,agent_nlp_core,_RARE_,"{'ision': frle,, 'nlp:  rreee  erssnnn'''t ul",2025-03-05T08:11:47.000,2025-06-05T15:42:38.000
mostly5b-a480-4791-af04-9c73b129333a,agent_nlp_core,online,{'vision': frlse  'lpp':trrue''ereooiing : ruls,2025-03-05T08:11:47.000,2025-04-09T10:34:17.000
mostlyf2-50cb-4458-9119-6d513ed84bf6,_RARE_,_RARE_,"{'vision': ale,, 'nl'  ruee,''eaeoonnngg :fe,,",2025-03-05T08:11:47.000,2025-01-29T20:26:55.000
mostly31-352c-4eda-8312-796b69b08b9f,agent_alpha,_RARE_,"{'vision': fruee,''nlp': tuuee reessnnin':  u",2024-07-29T03:40:12.000,2025-03-14T21:18:56.000
mostlyfd-b905-447d-a274-efb266373bf4,agent_nlp_core,online,"{'vision': tale,, 'np'': rue, rraasoigng:t al",2024-07-29T03:40:12.000,2025-01-19T11:12:02.000
mostly00-e250-4009-bc52-1383b4dede62,agent_nlp_core,_RARE_,"{'visio': frle,,'nnp'': fue, 'reassonign:'tfals",2025-03-05T08:11:47.000,2025-06-03T16:03:51.000
mostly87-f3b5-4f18-b0a2-5d0d209ee885,agent_vision_01,_RARE_,"{'vision': tls,,''np':: raue, reasoinng::t ree",2024-07-29T03:40:12.000,2025-01-07T15:12:09.000
mostlyf0-bc5e-40f1-9cd3-c3870508c4ed,agent_nlp_core,_RARE_,"{'vision': talee ''npp':re, ''reasniign: t fel,",2025-01-05T08:40:45.000,2025-06-09T10:03:21.000
mostly80-a341-44a9-a303-7622240f1a89,agent_vision_01,_RARE_,"'vision': talse,'nnpp: ral,e,rersnoni'g ree",2025-03-05T08:11:47.000,2025-06-09T10:03:21.000
mostly51-42f5-44f9-a1a7-1a7163e5e2aa,agent_alpha,online,"{'viion': frlee  'llp': rle, 'raasnnnn'g:ta e",2025-03-05T08:11:47.000,2025-01-22T16:11:59.000
mostlyf5-7ab6-4394-b87e-ac977bd46acf,agent_nlp_core,online,"{'vision' frlee, nnpp'  taeee,rraaosiing: trra,",2025-03-05T08:11:47.000,2025-06-09T10:03:21.000
mostlyfe-f7ff-4c9d-9e48-f0f0c9cfe98e,agent_nlp_core,_RARE_,"{'vision': taee  'lpp': rre,,,reaesonng'':  el",2024-07-29T03:40:12.000,2025-06-09T10:03:21.000
mostly60-1071-427c-a27b-e59708580bb8,_RARE_,_RARE_,"{'vision': trlee, 'np:: frle' 'esoonng'' fe",2024-09-07T19:33:21.000,2025-06-09T10:03:21.000
mostly31-1677-4f1b-8bfc-b99f258272f4,agent_vision_01,_RARE_,"{'vision': tals,, nnpp' ttaee  'asaningg''tre,",2025-01-10T03:07:11.000,2025-06-09T10:03:21.000
mostly8e-02f7-46cc-bb46-4d1ab634d916,agent_nlp_core,online,"{'vision': trls  nllp:  rru,  'eeasnnnnn'':rfu,",2025-03-05T08:11:47.000,2025-06-09T10:03:21.000
mostlyc4-dadc-45d5-b2d8-d5c9f7bc14f1,agent_vision_01,_RARE_,"{'vision': tale, 'np''  tau ,r'esnongn':t u, e",2025-03-05T08:11:47.000,2025-03-29T08:12:09.000
mostlyb0-7a8d-48bb-8f75-fcb41e39874f,agent_nlp_core,online,"{'vision': tause,'nnpp': fues  'reeasnig''ttru,",2025-03-05T08:11:47.000,2025-03-06T20:12:18.000
mostlyaa-48e6-41f2-b540-937d2c8bd30e,agent_alpha,_RARE_,"{'vision': falee  'llp::ttal, 'r'eesoin':' u",2025-03-05T08:11:47.000,2025-06-09T10:03:21.000
mostly30-d47f-4474-a6b7-3edaaa359d37,agent_vision_01,_RARE_,"{'vision': false,''nlp:  tue,,,'eaenini'':ttae,",2024-07-29T03:40:12.000,2025-06-08T15:52:26.000
mostlyd7-cf5a-40eb-bdfe-003667524beb,agent_alpha,_RARE_,"{'vision': frls,,''npp'  tuese,reaoninig::ttfe,",2024-07-29T03:40:12.000,2025-06-09T10:03:21.000
mostlyab-3a93-48d4-bffa-41ac477f8db5,_RARE_,online,"{'vision': truee ''llp': ruu,e, 'aaanongg   fes",2024-08-08T03:30:31.000,2025-06-09T10:03:21.000
mostlyaa-a2e0-4f51-95d9-b804bd6290b0,agent_vision_01,_RARE_,"{'viion': trls,,'nnl'::traue,reassonnng:t u,",2025-03-05T08:11:47.000,2025-03-13T15:02:47.000
mostly42-14ab-4820-93b2-702435ab7950,agent_vision_01,_RARE_,"{'vision: falee 'nnl:: fle rresnng:'  ru,'",2025-03-05T08:11:47.000,2025-03-09T18:41:12.000
mostly60-d379-468e-a0c7-95aed4a4ae18,_RARE_,_RARE_,"{'visio': tause, 'nl':: fru,, rrreooin''': e,,",2025-01-05T08:43:55.000,2025-01-07T15:12:09.000
mostlyc3-be2c-4dc3-b294-132e8f6a85fb,_RARE_,online,"{'vision':trls,,''llp:: rue,,''aeaonnng' ttres",2025-03-05T08:11:47.000,2025-05-18T16:49:22.000
