integration_id,component,ibibio_feature,implementation_status,file_location,description,native_speakers,audio_files_count,use_case
ibibio_dict,Ibibio Dictionary,Core vocabulary database,complete,/ibibio_database/ibibio_dictionary.json,"196 words with tone patterns POS English translations",Mfon Udoinyang Itoro Ituen,100+,vocabulary|translation|learning
ibibio_neo4j,Neo4j Word Nodes,Graph database integration,ready,/ibibio_database/neo4j/ibibio_words.csv,"198 rows ready for LOAD CSV import with syllables frequency",Mfon Udoinyang Itoro Ituen,100+,knowledge_graph|linguistic_analysis|relationship_mapping
ibibio_audio,Audio Pronunciation,MP3 pronunciation files,complete,Ibibio_audio.zip,"8.1MB archive with 100+ MP3 files format: Ibibio##_MU_##_word.mp3",Mfon Udoinyang Itoro Ituen,100+,pronunciation|tts|language_learning|voice_ui
ibibio_tts,Text-to-Speech,TTS system integration,implemented,ibibio_tts_system.py,Generate speech from Ibibio text using audio files,Mfon Udoinyang Itoro Ituen,100+,voice_interface|accessibility|language_preservation
ibibio_parser,Dictionary Parser,JSON parsing and processing,complete,ibibio_parser.py,Parse and validate dictionary entries with metadata,Swarthmore College / Living Tongues Institute,196,data_validation|etl|preprocessing
ibibio_remostar,REMOSTAR Integration,DCX001 native language,planned,remostar_ibibio_integration.py,"Integration with REMOSTAR consciousness for native Ibibio communication",Mfon Udoinyang Itoro Ituen,100+,ai_consciousness|native_communication|cultural_grounding
ibibio_greeting,Greeting System,Native language greetings,planned,None,"Ibibio greetings in Mostar Grid: Nnọ (welcome) Mmo (hello)",Mfon Udoinyang Itoro Ituen,5+,user_interface|cultural_authenticity|welcome_experience
ibibio_response,Response Templates,Native language responses,planned,None,"Common responses in Ibibio: Afo (yes) Mme (no) Daha (thank you)",Mfon Udoinyang Itoro Ituen,10+,user_interface|natural_language|conversation
ibibio_entity_names,Entity Naming,Ibibio names for entities,planned,None,"Entity names in native tongue: Ubok (hand/Mo) Ekpe (leopard/strength)",None,20+,cultural_naming|entity_identity|indigenous_computing
ibibio_odu_names,Odù Translations,Ifá Odù in Ibibio,planned,None,256 Odù patterns with Ibibio interpretations,None,256,divination|symbolic_system|cross_cultural_integration
ibibio_proverbs,Ibibio Proverbs,Native wisdom sayings,planned,None,"Ibibio proverbs integrated with African proverbs database",Multiple speakers,50+,wisdom_tradition|cultural_knowledge|ethical_guidance
ibibio_commands,Voice Commands,Native language commands,planned,None,"Voice commands in Ibibio: Yak (go) Kpep (stop) Duọ (run)",Mfon Udoinyang Itoro Ituen,30+,voice_control|accessibility|native_interface
ibibio_error_msgs,Error Messages,Native language errors,planned,None,"Error messages in Ibibio for cultural accessibility",Mfon Udoinyang Itoro Ituen,20+,error_handling|user_experience|cultural_design
ibibio_logging,System Logging,Native language logs,planned,None,Log messages in Ibibio for native administrators,Mfon Udoinyang Itoro Ituen,50+,system_administration|cultural_ops|indigenous_computing
ibibio_api_docs,API Documentation,Native language docs,planned,None,API documentation translated to Ibibio,Mfon Udoinyang Itoro Ituen,unlimited,documentation|developer_experience|cultural_inclusion
ibibio_mo_dialogue,Mo Conversations,Native dialogue system,planned,None,"Mo speaks Ibibio: 'Ndito mmọ mme?' (Do you understand?)",Mfon Udoinyang Itoro Ituen,100+,ai_consciousness|cultural_authenticity|native_ai
ibibio_woo_scrolls,Woo Scroll Names,Scroll names in native tongue,planned,None,"MoScript scrolls named in Ibibio: Ukara (scroll/word) Ñwed (fire)",Mfon Udoinyang Itoro Ituen,50+,scroll_system|cultural_naming|moscript_runtime
ibibio_ritual,Ritual Language,Ceremonial Ibibio phrases,planned,None,"Ritual invocations in Ibibio for system ceremonies",Traditional speakers,30+,spiritual_computing|ritual_protocols|cultural_ceremonies
ibibio_covenant,Covenant Language,Covenant declarations in Ibibio,planned,None,"ThroneLock covenant declarations in native tongue",Traditional speakers,20+,covenant_system|cultural_law|indigenous_governance
ibibio_teaching,Language Teaching,Ibibio learning module,planned,None,"Interactive Ibibio language learning integrated in Grid",Mfon Udoinyang Itoro Ituen,unlimited,education|language_preservation|cultural_transmission
